"record_id","eoi_timestamp","hospital","country","region","income_group"
1,"2026-04-22 21:20:00","Germany: Berlin, Charité University Medicine - Campus Mitte","Germany","Europe & Central Asia","High income"
2,"2026-04-23 00:44:00","Germany: Rostock, University Hospital Rostock","Germany","Europe & Central Asia","High income"
3,"2026-04-23 16:25:00","Germany: Munich, Klinikum Rechts der Isar TUM School of Medicine","Germany","Europe & Central Asia","High income"
4,"2026-04-23 16:37:00","Germany: Braunschweig, Klinikum Braunschweig","Germany","Europe & Central Asia","High income"
5,"2026-04-24 17:26:00","Germany: Munich, Klinikum Rechts der Isar TUM School of Medicine","Germany","Europe & Central Asia","High income"
6,"2026-04-29 10:34:00","United Kingdom: Leicester, Leicester Royal Infirmary","United Kingdom","Europe & Central Asia","High income"
7,"2026-04-30 15:44:00","Sudan: Gadarif City, Gadarif teaching hospital","Sudan","Sub-Saharan Africa","Low income"
8,"2026-04-30 15:49:00","Philippines: Manila, Philippine General Hospital, University Of The Philippines Manila","Philippines","East Asia & Pacific","Lower middle income"
9,"2026-04-30 15:53:00","Sudan: Gadarif City, Gadarif teaching hospital","Sudan","Sub-Saharan Africa","Low income"
10,"2026-04-30 15:53:00","North Macedonia: skopje, university clinic of pediatric surgery faculty of medicine - Ss Cyril and Methodius University","North Macedonia","Europe & Central Asia","Upper middle income"
11,"2026-04-30 15:57:00","Nepal: Kathmandu, HAMS HOSPITAL","Nepal","South Asia","Lower middle income"
12,"2026-04-30 16:00:00","Mongolia: Ulaanbaatar, Mongolian National University of Medical Sciences, The first central hospital of Mongolia","Mongolia","East Asia & Pacific","Upper middle income"
13,"2026-04-30 16:39:00","Lithuania: Kaunas, LUHS Kaunas Hospital","Lithuania","Europe & Central Asia","High income"
14,"2026-04-30 16:59:00","Italy: Cagliari, Cagliari University Hospital","Italy","Europe & Central Asia","High income"
16,"2026-04-30 17:02:00","United Kingdom: Slough, Frimley Health NHS FT - Wexham Park","United Kingdom","Europe & Central Asia","High income"
17,"2026-04-30 17:05:00","United Kingdom: Slough, Frimley Health NHS FT - Wexham Park","United Kingdom","Europe & Central Asia","High income"
18,"2026-04-30 17:09:00","Ethiopia: Addis Ababa, St Peter's Specialised Hospital","Ethiopia","Sub-Saharan Africa","Low income"
19,"2026-04-30 17:09:00","Portugal: Setúbal, Centro Hospitalar de Setúbal","Portugal","Europe & Central Asia","High income"
20,"2026-04-30 17:19:00","Portugal: Porto, Centro Hospitalar e Universitário de São João","Portugal","Europe & Central Asia","High income"
21,"2026-04-30 17:29:00","United Kingdom: York, York Teaching Hospitals NHS Trust","United Kingdom","Europe & Central Asia","High income"
22,"2026-04-30 17:39:00","Italy: Firenze, Azienda Ospedaliera Universitaria Careggi","Italy","Europe & Central Asia","High income"
23,"2026-04-30 17:55:00","United Kingdom: Birmingham, Heartlands Hospital","United Kingdom","Europe & Central Asia","High income"
24,"2026-04-30 18:18:00","United Kingdom: Middlesbrough, James Cook University Hospital","United Kingdom","Europe & Central Asia","High income"
25,"2026-04-30 18:19:00","United Kingdom: Middlesbrough, James Cook University Hospital","United Kingdom","Europe & Central Asia","High income"
26,"2026-04-30 18:21:00","Portugal: Famalicão, Unidade Local de Saúde do Médio Ave","Portugal","Europe & Central Asia","High income"
27,"2026-04-30 19:06:00","Uganda: Iganga, Hope And Healing Center-Kiwanyi","Uganda","Sub-Saharan Africa","Low income"
28,"2026-04-30 19:24:00","Greece: Athens, Athens Medical Center","Greece","Europe & Central Asia","High income"
29,"2026-04-30 19:25:00","Portugal: Funchal, Hospital Dr. Nélio Mendonça","Portugal","Europe & Central Asia","High income"
30,"2026-04-30 19:59:00","Greece: Neo Faliro, Metropolitan Hospital","Greece","Europe & Central Asia","High income"
31,"2026-04-30 20:06:00","United Kingdom: Coventry, University Hospitals Coventry and Warwickshire NHS Trust","United Kingdom","Europe & Central Asia","High income"
32,"2026-04-30 20:12:00","Germany: Augsburg, University Hospital Augsburg","Germany","Europe & Central Asia","High income"
33,"2026-04-30 21:02:00","United Kingdom: Leeds, St James's University Hospital Leeds","United Kingdom","Europe & Central Asia","High income"
34,"2026-04-30 21:03:00","United Kingdom: Leeds, St James's University Hospital Leeds","United Kingdom","Europe & Central Asia","High income"
35,"2026-04-30 21:15:00","Greece: Athens, Attikon University General Hospital","Greece","Europe & Central Asia","High income"
36,"2026-04-30 21:26:00","Greece: Athens, Henry Dunant Hospital Center","Greece","Europe & Central Asia","High income"
37,"2026-04-30 21:26:00","Philippines: Quezon City, National Children's Hospital","Philippines","East Asia & Pacific","Lower middle income"
38,"2026-04-30 23:39:00","Philippines: Manila, José R. Reyes Memorial Medical Center","Philippines","East Asia & Pacific","Lower middle income"
39,"2026-04-30 23:40:00","Philippines: Quezon City, University of the East Ramon Magsaysay Memorial Medical Center","Philippines","East Asia & Pacific","Lower middle income"
40,"2026-04-30 23:45:00","Japan: Saitama City, Saitama Children's Medical Center","Japan","East Asia & Pacific","High income"
41,"2026-05-01 00:18:00","Philippines: Manila, Philippine General Hospital, University Of The Philippines Manila","Philippines","East Asia & Pacific","Lower middle income"
42,"2026-05-01 00:34:00","Philippines: Manila, Philippine General Hospital, University Of The Philippines Manila","Philippines","East Asia & Pacific","Lower middle income"
43,"2026-05-01 00:46:00","Japan: Osaka, Kansai Medical University","Japan","East Asia & Pacific","High income"
44,"2026-05-01 01:01:00","Ethiopia: Addis Ababa, Saint Paul Hospital Millennium Medical College","Ethiopia","Sub-Saharan Africa","Low income"
45,"2026-05-01 01:20:00","Philippines: Manila, Philippine General Hospital, University Of The Philippines Manila","Philippines","East Asia & Pacific","Lower middle income"
46,"2026-05-01 01:55:00","Philippines: Manila, Philippine General Hospital, University Of The Philippines Manila","Philippines","East Asia & Pacific","Lower middle income"
47,"2026-05-01 01:57:00","Italy: Castellana Grotte (Ba), IRCCS 'Saverio de Bellis'","Italy","Europe & Central Asia","High income"
48,"2026-05-01 02:40:00","Philippines: Manila, Philippine General Hospital, University Of The Philippines Manila","Philippines","East Asia & Pacific","Lower middle income"
49,"2026-05-01 03:10:00","Philippines: Manila, Philippine General Hospital, University Of The Philippines Manila","Philippines","East Asia & Pacific","Lower middle income"
50,"2026-05-01 03:30:00","Philippines: Manila, Philippine General Hospital, University Of The Philippines Manila","Philippines","East Asia & Pacific","Lower middle income"
51,"2026-05-01 03:36:00","Philippines: Manila, Philippine General Hospital, University Of The Philippines Manila","Philippines","East Asia & Pacific","Lower middle income"
52,"2026-05-01 03:48:00","Japan: Tokyo, Medical Hospital of Tokyo Medical and Dental University","Japan","East Asia & Pacific","High income"
53,"2026-05-01 04:01:00","Philippines: Manila, Philippine General Hospital, University Of The Philippines Manila","Philippines","East Asia & Pacific","Lower middle income"
54,"2026-05-01 04:17:00","Philippines: La Trinidad, Benguet General Hospital","Philippines","East Asia & Pacific","Lower middle income"
55,"2026-05-01 05:23:00","Ethiopia: Addis Ababa, Zewditu Memorial Hospital","Ethiopia","Sub-Saharan Africa","Low income"
56,"2026-05-01 06:51:00","Philippines: Manila, Philippine General Hospital, University Of The Philippines Manila","Philippines","East Asia & Pacific","Lower middle income"
57,"2026-05-01 06:52:00","Nepal: Kathmandu, Kathmandu Medical College and Teaching Hospital","Nepal","South Asia","Lower middle income"
58,"2026-05-01 07:27:00","Philippines: Manila, Philippine General Hospital, University Of The Philippines Manila","Philippines","East Asia & Pacific","Lower middle income"
59,"2026-05-01 08:42:00","Philippines: Quezon City, National Children's Hospital","Philippines","East Asia & Pacific","Lower middle income"
60,"2026-05-01 09:25:00","United Kingdom: Coventry, University Hospitals Coventry and Warwickshire NHS Trust","United Kingdom","Europe & Central Asia","High income"
61,"2026-05-01 09:40:00","Bulgaria: Sandanski, Southwest Hospital Sandanski, Bulgaria","Bulgaria","Europe & Central Asia","High income"
62,"2026-05-01 09:43:00","Ghana: Accra, 37 Military Hospital","Ghana","Sub-Saharan Africa","Lower middle income"
63,"2026-05-01 09:45:00","Bulgaria: tema, the acra hospital","Bulgaria","Europe & Central Asia","High income"
64,"2026-05-01 10:04:00","Saudi Arabia: Jeddah, United doctors hospital","Saudi Arabia","Middle East & North Africa","High income"
65,"2026-05-01 10:24:00","United Kingdom: Birmingham, Queen Elizabeth Hospital Birmingham","United Kingdom","Europe & Central Asia","High income"
66,"2026-05-01 10:29:00","Morocco: Rabat, Institut National d'Oncologie","Morocco","Middle East & North Africa","Lower middle income"
67,"2026-05-01 10:49:00","United Kingdom: Hull, Hull University Teaching Hospitals NHS Trust","United Kingdom","Europe & Central Asia","High income"
68,"2026-05-01 10:53:00","Turkey: Sakarya, Sakarya University Faculty of Medicine","Turkey","Europe & Central Asia","Upper middle income"
69,"2026-05-01 10:53:00","Sudan: El Obeid, El Obeid Teaching Hospital","Sudan","Sub-Saharan Africa","Low income"
70,"2026-05-01 10:54:00","Libya: Benghazi, Benghazi Medical Center","Libya","Middle East & North Africa","Upper middle income"
72,"2026-05-01 10:56:00","Turkey: Istanbul, Sultan 2. Abdulhamid Han Training and Research Hospital, University of Health Sciences","Turkey","Europe & Central Asia","Upper middle income"
73,"2026-05-01 10:57:00","Morocco: Rabat, Institut National d'Oncologie","Morocco","Middle East & North Africa","Lower middle income"
74,"2026-05-01 11:01:00","Nigeria: Abuja, Asokoro District Hospital","Nigeria","Sub-Saharan Africa","Lower middle income"
75,"2026-05-01 11:05:00","Egypt: Shibin Elkom, National Liver Institute, Menoufia University","Egypt","Middle East & North Africa","Lower middle income"
76,"2026-05-01 11:09:00","Tunisia: Tunis, La Rabta Hospital, General Surgery Department B","Tunisia","Middle East & North Africa","Lower middle income"
77,"2026-05-01 11:16:00","Italy: Catania, ARNAS Garibaldi Hospital","Italy","Europe & Central Asia","High income"
78,"2026-05-01 11:19:00","Nigeria: Abuja, National Hospital Abuja","Nigeria","Sub-Saharan Africa","Lower middle income"
79,"2026-05-01 11:19:00","Turkey: Istanbul, Bagcilar Research And Training Hospital","Turkey","Europe & Central Asia","Upper middle income"
80,"2026-05-01 11:23:00","Greece: Athens, Laiko University Hospital","Greece","Europe & Central Asia","High income"
81,"2026-05-01 11:35:00","Nigeria: Abuja, National Hospital Abuja","Nigeria","Sub-Saharan Africa","Lower middle income"
82,"2026-05-01 11:42:00","Nigeria: Abuja, Asokoro District Hospital","Nigeria","Sub-Saharan Africa","Lower middle income"
83,"2026-05-01 11:42:00","Ethiopia: Wolaita Soddo, Soddo Christian General Hospital","Ethiopia","Sub-Saharan Africa","Low income"
84,"2026-05-01 11:48:00","","",,
85,"2026-05-01 11:49:00","Italy: Palermo, Policlinico Universitario Paolo Giaccone","Italy","Europe & Central Asia","High income"
86,"2026-05-01 11:50:00","Sudan: Khartoum, Omdurman Teaching Hospital","Sudan","Sub-Saharan Africa","Low income"
87,"2026-05-01 11:51:00","Greece: Athens, Evaggelismos General Hospital","Greece","Europe & Central Asia","High income"
88,"2026-05-01 11:52:00","Italy: Rome, Policlinico Umberto I","Italy","Europe & Central Asia","High income"
89,"2026-05-01 11:53:00","Germany: Mainz, University Hospital Mainz","Germany","Europe & Central Asia","High income"
90,"2026-05-01 11:56:00","Italy: Rome, Policlinico Umberto I","Italy","Europe & Central Asia","High income"
91,"2026-05-01 11:58:00","Italy: Verona, Borgo Trento Hospital, Azienda Ospedaliera Universitaria Integrata di Verona","Italy","Europe & Central Asia","High income"
92,"2026-05-01 11:59:00","Italy: Rende, University Of Calabria","Italy","Europe & Central Asia","High income"
93,"2026-05-01 12:01:00","Italy: Rende, University Of Calabria","Italy","Europe & Central Asia","High income"
94,"2026-05-01 12:03:00","Nigeria: Abuja, Asokoro District Hospital","Nigeria","Sub-Saharan Africa","Lower middle income"
95,"2026-05-01 12:15:00","Japan: sakai, kindai university hospital","Japan","East Asia & Pacific","High income"
96,"2026-05-01 12:18:00","Japan: sakai, kindai university hospital","Japan","East Asia & Pacific","High income"
97,"2026-05-01 12:21:00","Japan: sakai, kindai university hospital","Japan","East Asia & Pacific","High income"
98,"2026-05-01 12:23:00","Egypt: Mansoura, Mansoura University Hospital","Egypt","Middle East & North Africa","Lower middle income"
99,"2026-05-01 12:31:00","Egypt: Mansoura, Mansoura University Hospital","Egypt","Middle East & North Africa","Lower middle income"
100,"2026-05-01 12:34:00","Libya: Tobruk, Tobruk Medical Center","Libya","Middle East & North Africa","Upper middle income"
101,"2026-05-01 12:37:00","Italy: Cagliari, Santissima Trinità - ATS Sardegna","Italy","Europe & Central Asia","High income"
102,"2026-05-01 12:39:00","Switzerland: Basel, University Children's Hospital of Basel","Switzerland","Europe & Central Asia","High income"
103,"2026-05-01 12:44:00","Egypt: Mansoura, Mansoura University Hospital","Egypt","Middle East & North Africa","Lower middle income"
104,"2026-05-01 12:52:00","Egypt: Mansoura, Mansoura University Hospital","Egypt","Middle East & North Africa","Lower middle income"
105,"2026-05-01 12:57:00","Italy: Udine, santa maria della misericordia","Italy","Europe & Central Asia","High income"
106,"2026-05-01 13:06:00","Italy: Bari, Di Venere","Italy","Europe & Central Asia","High income"
107,"2026-05-01 13:07:00","Italy: Udine, santa maria della misericordia","Italy","Europe & Central Asia","High income"
108,"2026-05-01 13:09:00","Malaysia: Kuala Lumpur, Hospital Canselor Tuanku Muhriz","Malaysia","East Asia & Pacific","Upper middle income"
109,"2026-05-01 13:15:00","Egypt: Mansoura, Mansoura University Hospital","Egypt","Middle East & North Africa","Lower middle income"
110,"2026-05-01 13:20:00","Egypt: Aswan, Aswan University Hospital","Egypt","Middle East & North Africa","Lower middle income"
111,"2026-05-01 13:22:00","Italy: Bari, University of Bari 'Aldo Moro'","Italy","Europe & Central Asia","High income"
112,"2026-05-01 13:28:00","Greece: Athens, Metropolitan General Athens","Greece","Europe & Central Asia","High income"
113,"2026-05-01 13:37:00","Greece: Athens, Athens Euroclinic","Greece","Europe & Central Asia","High income"
114,"2026-05-01 13:46:00","Iraq: Erbil, Rozhawa Emergency Hospital","Iraq","Middle East & North Africa","Upper middle income"
115,"2026-05-01 13:48:00","Greece: Athens, Mediterraneo Hospital","Greece","Europe & Central Asia","High income"
116,"2026-05-01 14:03:00","Greece: Thessaloniki, 'G.Papanikolaou' General Hopsital of Thessaloniki","Greece","Europe & Central Asia","High income"
117,"2026-05-01 14:05:00","Italy: Bologna, IRCCS Azienda Ospedaliero-Universitaria di Bologna","Italy","Europe & Central Asia","High income"
118,"2026-05-01 14:07:00","","",,
119,"2026-05-01 14:08:00","Italy: Bari, Azienda Ospedaliero Universitaria Consorziale Policlinico Di Bari","Italy","Europe & Central Asia","High income"
120,"2026-05-01 14:09:00","Iraq: Baghdad, Baghdad Medical City","Iraq","Middle East & North Africa","Upper middle income"
121,"2026-05-01 14:15:00","Switzerland: Basel, University Children's Hospital of Basel","Switzerland","Europe & Central Asia","High income"
122,"2026-05-01 14:15:00","United Kingdom: Sutton Coldfield, Good Hope Hospital","United Kingdom","Europe & Central Asia","High income"
123,"2026-05-01 14:23:00","Libya: Benghazi, Benghazi Medical Center","Libya","Middle East & North Africa","Upper middle income"
124,"2026-05-01 14:24:00","Iraq: Diyala, Baqubah General Hospital","Iraq","Middle East & North Africa","Upper middle income"
125,"2026-05-01 14:41:00","Nigeria: Abuja, Asokoro District Hospital","Nigeria","Sub-Saharan Africa","Lower middle income"
126,"2026-05-01 14:41:00","Italy: Taranto, Santa Annunziata Hospital","Italy","Europe & Central Asia","High income"
127,"2026-05-01 15:04:00","Italy: Bologna, IRCCS Azienda Ospedaliero-Universitaria di Bologna","Italy","Europe & Central Asia","High income"
128,"2026-05-01 15:23:00","United Kingdom: Bristol, Southmead Hospital","United Kingdom","Europe & Central Asia","High income"
129,"2026-05-01 15:28:00","Italy: Naples, Federico II University of Naples","Italy","Europe & Central Asia","High income"
130,"2026-05-01 15:34:00","Iraq: Baghdad, Alkindy teaching hospital","Iraq","Middle East & North Africa","Upper middle income"
131,"2026-05-01 15:55:00","Nigeria: Abuja, Asokoro District Hospital","Nigeria","Sub-Saharan Africa","Lower middle income"
132,"2026-05-01 15:56:00","","",,
133,"2026-05-01 16:04:00","Iraq: Duhok, Hivi pediatrics hospital","Iraq","Middle East & North Africa","Upper middle income"
134,"2026-05-01 16:05:00","Greece: Athens, Attikon University General Hospital","Greece","Europe & Central Asia","High income"
135,"2026-05-01 16:10:00","Ethiopia: Debre Markos, Debre Markos Comprehensive specialized Hospital","Ethiopia","Sub-Saharan Africa","Low income"
136,"2026-05-01 16:19:00","United Kingdom: London, Royal London Hospital","United Kingdom","Europe & Central Asia","High income"
137,"2026-05-01 16:27:00","Turkey: Ankara, University Of Health Sciences, Gülhane Training and Research Hospital","Turkey","Europe & Central Asia","Upper middle income"
138,"2026-05-01 16:29:00","Philippines: La Trinidad, Benguet General Hospital","Philippines","East Asia & Pacific","Lower middle income"
139,"2026-05-01 16:29:00","United Kingdom: Darlington, Darlington Memorial Hospital","United Kingdom","Europe & Central Asia","High income"
140,"2026-05-01 16:34:00","Turkey: Ankara, University Of Health Sciences, Gülhane Training and Research Hospital","Turkey","Europe & Central Asia","Upper middle income"
141,"2026-05-01 16:34:00","Greece: Thessaloniki, George Papanikolaou General Hospital of Thessaloniki","Greece","Europe & Central Asia","High income"
142,"2026-05-01 16:37:00","Greece: Thessaloniki, George Papanikolaou General Hospital of Thessaloniki","Greece","Europe & Central Asia","High income"
143,"2026-05-01 16:47:00","Libya: Zliten, Zliten Teaching Hospital","Libya","Middle East & North Africa","Upper middle income"
144,"2026-05-01 16:59:00","Syrian Arab Republic: Aleppo, Alkalema Hospital","Syrian Arab Republic","Middle East & North Africa","Low income"
145,"2026-05-01 17:00:00","Syrian Arab Republic: Damascus, Al-Mouwasat University Hospital","Syrian Arab Republic","Middle East & North Africa","Low income"
146,"2026-05-01 17:07:00","Italy: Naples, Universitá della Campania 'Luigi Vanvitelli', Naples","Italy","Europe & Central Asia","High income"
147,"2026-05-01 17:09:00","Italy: Naples, Universitá della Campania 'Luigi Vanvitelli', Naples","Italy","Europe & Central Asia","High income"
148,"2026-05-01 17:24:00","Ethiopia: Bahir Dar, Bahir Dar University Tibebe Ghion Specialized Hospital","Ethiopia","Sub-Saharan Africa","Low income"
149,"2026-05-01 17:29:00","Italy: Bari, Azienda Ospedaliero Universitaria Consorziale Policlinico Di Bari","Italy","Europe & Central Asia","High income"
150,"2026-05-01 17:33:00","Greece: Athens, Hygeia hospital Athens","Greece","Europe & Central Asia","High income"
151,"2026-05-01 17:45:00","United Kingdom: Barrow In Furness, Furness General Hospital","United Kingdom","Europe & Central Asia","High income"
152,"2026-05-01 17:56:00","Nigeria: Abuja, Asokoro District Hospital","Nigeria","Sub-Saharan Africa","Lower middle income"
153,"2026-05-01 17:58:00","Bangladesh: Chattogram, Chittagong Medical College Hospital","Bangladesh","South Asia","Lower middle income"
154,"2026-05-01 18:04:00","Greece: Athens, Laiko University Hospital","Greece","Europe & Central Asia","High income"
155,"2026-05-01 18:11:00","Bangladesh: Chattogram, Chittagong Medical College Hospital","Bangladesh","South Asia","Lower middle income"
156,"2026-05-01 18:11:00","Bangladesh: Chattogram, Chittagong Medical College Hospital","Bangladesh","South Asia","Lower middle income"
157,"2026-05-01 18:42:00","Pakistan: Lahore, King Edward Medical University, Mayo Hospital, Lahore","Pakistan","South Asia","Lower middle income"
158,"2026-05-01 18:55:00","Pakistan: Peshawar, Lady Reading Hospital","Pakistan","South Asia","Lower middle income"
159,"2026-05-01 19:03:00","Philippines: Manila, Philippine General Hospital, University Of The Philippines Manila","Philippines","East Asia & Pacific","Lower middle income"
160,"2026-05-01 19:04:00","Pakistan: Peshawar, Lady Reading Hospital","Pakistan","South Asia","Lower middle income"
161,"2026-05-01 19:22:00","Ethiopia: Addis Ababa, Tikur Anbessa Specialized (Black Lion) Hospital","Ethiopia","Sub-Saharan Africa","Low income"
162,"2026-05-01 19:25:00","Ethiopia: Wolaita Soddo, Soddo Christian hospital","Ethiopia","Sub-Saharan Africa","Low income"
163,"2026-05-01 19:41:00","Pakistan: Lallian, Chinniot, Tehsil Headquarter Hospital","Pakistan","South Asia","Lower middle income"
164,"2026-05-01 19:53:00","Pakistan: Peshawar, Lady Reading Hospital","Pakistan","South Asia","Lower middle income"
165,"2026-05-01 20:02:00","Italy: Rome, Policlinico Umberto I","Italy","Europe & Central Asia","High income"
166,"2026-05-01 20:11:00","Italy: Rome, Policlinico Umberto I","Italy","Europe & Central Asia","High income"
167,"2026-05-01 20:13:00","Italy: Verona, Borgo Roma Hospital, Azienda Ospedaliera Universitaria Integrata di Verona","Italy","Europe & Central Asia","High income"
168,"2026-05-01 20:28:00","Turkey: Samsun, Samsun University","Turkey","Europe & Central Asia","Upper middle income"
169,"2026-05-01 20:36:00","Pakistan: Lahore, Services Hospital Lahore","Pakistan","South Asia","Lower middle income"
170,"2026-05-01 20:58:00","United Kingdom: Slough, Frimley Health NHS FT - Wexham Park","United Kingdom","Europe & Central Asia","High income"
171,"2026-05-01 21:06:00","Pakistan: Peshawar, Lady Reading Hospital","Pakistan","South Asia","Lower middle income"
172,"2026-05-01 21:15:00","Tunisia: Monastir, University Hospital Fatouma Bourguiba","Tunisia","Middle East & North Africa","Lower middle income"
173,"2026-05-01 21:19:00","Greece: Thessaloniki, Agios Pavlos General Hospital","Greece","Europe & Central Asia","High income"
174,"2026-05-01 21:21:00","United Kingdom: Birmingham, Queen Elizabeth Hospital Birmingham","United Kingdom","Europe & Central Asia","High income"
175,"2026-05-01 21:23:00","Nigeria: Abuja, National Hospital Abuja","Nigeria","Sub-Saharan Africa","Lower middle income"
176,"2026-05-01 22:15:00","South Sudan: Juba, Juba Teaching Hospital","South Sudan","Sub-Saharan Africa","Low income"
177,"2026-05-01 23:01:00","Germany: Berlin, Charité University Medicine - Campus Benjamin Franklin","Germany","Europe & Central Asia","High income"
178,"2026-05-01 23:03:00","Greece: Athens, Metropolitan General Athens","Greece","Europe & Central Asia","High income"
179,"2026-05-01 23:57:00","United States: Washington, D.c., Medstar Washington Hospital Center","United States","North America","High income"
180,"2026-05-02 02:00:00","Greece: Athens, Laiko University Hospital","Greece","Europe & Central Asia","High income"
181,"2026-05-02 05:18:00","Egypt: Cairo, Kasr Alainy Hospital, Faculty of Medicine, Cairo University","Egypt","Middle East & North Africa","Lower middle income"
182,"2026-05-02 05:21:00","Egypt: Cairo, Kasr Alainy Hospital, Faculty of Medicine, Cairo University","Egypt","Middle East & North Africa","Lower middle income"
183,"2026-05-02 05:39:00","India: Chandigarh, Postgraduate Institute of Medical Education & Research","India","South Asia","Lower middle income"
184,"2026-05-02 07:11:00","Italy: Novara, Azienda Ospedaliero Universitaria Maggiore della Carità","Italy","Europe & Central Asia","High income"
185,"2026-05-02 08:30:00","Ethiopia: Addis Ababa, Ras Desta Damtew Memorial Hospital","Ethiopia","Sub-Saharan Africa","Low income"
186,"2026-05-02 09:24:00","Egypt: Mansoura, Mansoura University Hospital","Egypt","Middle East & North Africa","Lower middle income"
187,"2026-05-02 09:40:00","Yemen, Rep.: Sana'a, University of science and technology hospital","Yemen, Rep.","Middle East & North Africa","Low income"
188,"2026-05-02 10:05:00","Egypt: El Gharbia, El Mahalla General Hospital","Egypt","Middle East & North Africa","Lower middle income"
189,"2026-05-02 10:06:00","Libya: Benghazi, Al-jalaa Teaching/Trauma Hospital","Libya","Middle East & North Africa","Upper middle income"
190,"2026-05-02 10:29:00","Philippines: Manila, University of Santo Tomas Hospital","Philippines","East Asia & Pacific","Lower middle income"
191,"2026-05-02 11:38:00","Greece: Amfissa, General Hospital of Amfissa","Greece","Europe & Central Asia","High income"
192,"2026-05-02 11:59:00","Yemen, Rep.: Sana'a, Dr-Hashim Aliraqi Exemplary Hospital","Yemen, Rep.","Middle East & North Africa","Low income"
193,"2026-05-02 12:14:00","Greece: Athens, Hippocratio General Hospital","Greece","Europe & Central Asia","High income"
194,"2026-05-02 12:16:00","Greece: Athens, Hippocratio General Hospital","Greece","Europe & Central Asia","High income"
195,"2026-05-02 13:42:00","Italy: Cuneo, Santa Croce and Carle Hospital","Italy","Europe & Central Asia","High income"
196,"2026-05-02 14:24:00","United Kingdom: London, The Whittington Hospital","United Kingdom","Europe & Central Asia","High income"
197,"2026-05-02 14:31:00","Greece: Thessaloniki, Hippocratio Hospital","Greece","Europe & Central Asia","High income"
198,"2026-05-02 14:45:00","Philippines: Manila, Philippine General Hospital, University Of The Philippines Manila","Philippines","East Asia & Pacific","Lower middle income"
199,"2026-05-02 14:46:00","Philippines: Manila, Philippine General Hospital, University Of The Philippines Manila","Philippines","East Asia & Pacific","Lower middle income"
200,"2026-05-02 15:49:00","Italy: Catania, Azienda Ospedaliero- Universitaria Policlinico San Marco","Italy","Europe & Central Asia","High income"
201,"2026-05-02 15:51:00","Ethiopia: Addis Ababa, Ras Desta Damtew Memorial Hospital","Ethiopia","Sub-Saharan Africa","Low income"
202,"2026-05-02 16:01:00","Ethiopia: Addis Ababa, Myungsung Christian Medical Centre","Ethiopia","Sub-Saharan Africa","Low income"
203,"2026-05-02 16:07:00","Italy: Rome, Ospedale San Carlo Di Nancy","Italy","Europe & Central Asia","High income"
204,"2026-05-02 16:13:00","Italy: Rome, Ospedale San Carlo Di Nancy","Italy","Europe & Central Asia","High income"
205,"2026-05-02 16:37:00","Nigeria: abuja, gwarinpa general hospital","Nigeria","Sub-Saharan Africa","Lower middle income"
206,"2026-05-02 17:05:00","Italy: Rome, Ospedale San Carlo Di Nancy","Italy","Europe & Central Asia","High income"
207,"2026-05-02 17:24:00","Italy: enna, umberto i","Italy","Europe & Central Asia","High income"
208,"2026-05-02 18:58:00","Rwanda: Kigali, Kibagabaga Hospital","Rwanda","Sub-Saharan Africa","Low income"
209,"2026-05-02 21:01:00","Turkey: Istanbul, Başakşehir Çam and Sakura City Hospital","Turkey","Europe & Central Asia","Upper middle income"
210,"2026-05-03 02:32:00","Philippines: Manila, Philippine General Hospital, University Of The Philippines Manila","Philippines","East Asia & Pacific","Lower middle income"
211,"2026-05-03 10:12:00","Philippines: Manila, Philippine General Hospital, University Of The Philippines Manila","Philippines","East Asia & Pacific","Lower middle income"
212,"2026-05-03 10:36:00","Philippines: Manila, Philippine General Hospital, University Of The Philippines Manila","Philippines","East Asia & Pacific","Lower middle income"
213,"2026-05-03 11:33:00","Philippines: Manila, Philippine General Hospital, University Of The Philippines Manila","Philippines","East Asia & Pacific","Lower middle income"
214,"2026-05-03 14:31:00","Japan: Tokyo, Nippon Medical School Hospital","Japan","East Asia & Pacific","High income"
215,"2026-05-03 15:09:00","Sudan: kassala, new halfa teaching hospital","Sudan","Sub-Saharan Africa","Low income"
216,"2026-05-03 18:42:00","Nigeria: Ilorin, University of Ilorin Teaching Hospital","Nigeria","Sub-Saharan Africa","Lower middle income"
217,"2026-05-03 19:11:00","Lithuania: Kaunas, LUHS Kaunas Hospital","Lithuania","Europe & Central Asia","High income"
218,"2026-05-03 19:44:00","Belarus: Gomel, Gomel State Medical University","Belarus","Europe & Central Asia","Upper middle income"
219,"2026-05-03 20:04:00","Pakistan: Lahore, Services Hospital Lahore","Pakistan","South Asia","Lower middle income"
220,"2026-05-03 23:48:00","Algeria: djelfa, public hospital of djelfa mahad abdelkader","Algeria","Middle East & North Africa","Upper middle income"
221,"2026-05-04 01:25:00","Philippines: Manila, Philippine General Hospital, University Of The Philippines Manila","Philippines","East Asia & Pacific","Lower middle income"
222,"2026-05-04 07:23:00","Pakistan: Lahore, Services Hospital Lahore","Pakistan","South Asia","Lower middle income"
223,"2026-05-04 07:49:00","Nepal: Bharatpur, Chitwan, Nepal, Bharatpur Hospital","Nepal","South Asia","Lower middle income"
224,"2026-05-04 07:52:00","Nepal: Bharatpur, Chitwan, Nepal, Bharatpur Hospital","Nepal","South Asia","Lower middle income"
225,"2026-05-04 10:09:00","Italy: Milan, Università Vita-Salute San Raffaele","Italy","Europe & Central Asia","High income"
226,"2026-05-04 10:22:00","Kazakhstan: Almaty, Almaty City Emergency Care Hospital","Kazakhstan","Europe & Central Asia","Upper middle income"
227,"2026-05-04 11:13:00","Kazakhstan: astana, multidisciplinary city hospital 2","Kazakhstan","Europe & Central Asia","Upper middle income"
228,"2026-05-04 11:43:00","Portugal: Vila Nova De Famalicao, Centro Hospitalar do Medio Ave","Portugal","Europe & Central Asia","High income"
229,"2026-05-04 11:59:00","Philippines: Manila, Philippine General Hospital, University Of The Philippines Manila","Philippines","East Asia & Pacific","Lower middle income"
230,"2026-05-04 12:46:00","Portugal: Loures, Hospital Beatriz Angelo","Portugal","Europe & Central Asia","High income"
231,"2026-05-04 14:52:00","Turkey: ankara, akyurt state hospital","Turkey","Europe & Central Asia","Upper middle income"
232,"2026-05-04 15:30:00","Somalia: Hargeisa, Hargeisa Group Hospital","Somalia","Sub-Saharan Africa","Low income"
233,"2026-05-04 16:02:00","Italy: Udine, santa maria della misericordia","Italy","Europe & Central Asia","High income"
234,"2026-05-04 18:59:00","Iraq: Salah Aldeen, Tikrit Teaching Hospital","Iraq","Middle East & North Africa","Upper middle income"
235,"2026-05-04 19:18:00","Iraq: najaf, al hakeem general hospital","Iraq","Middle East & North Africa","Upper middle income"
236,"2026-05-04 19:24:00","Iraq: Duhok, Azadi emergency teaching hospital","Iraq","Middle East & North Africa","Upper middle income"
237,"2026-05-04 19:35:00","Iraq: Sulaymaniyah, Shar hospital","Iraq","Middle East & North Africa","Upper middle income"
238,"2026-05-04 20:31:00","Iraq: sulaymaniyah, shahid doctor khalid teaching hospital","Iraq","Middle East & North Africa","Upper middle income"
239,"2026-05-04 20:32:00","Iraq: Koy Sanjaq, Shahid Doctor Khalid Hospital","Iraq","Middle East & North Africa","Upper middle income"
240,"2026-05-04 21:05:00","Italy: corato ba, umberto i hospital","Italy","Europe & Central Asia","High income"
241,"2026-05-04 21:51:00","Iraq: duhok, duhok obstetric and gynecology hospital","Iraq","Middle East & North Africa","Upper middle income"
242,"2026-05-04 23:05:00","Germany: Halle, University Hospital Halle","Germany","Europe & Central Asia","High income"
243,"2026-05-05 02:54:00","Philippines: Mountain Province, Luis Hora Memorial Regional Hospital","Philippines","East Asia & Pacific","Lower middle income"
244,"2026-05-05 03:22:00","Nepal: Bharatpur, Chitwan, Nepal, Bharatpur Hospital","Nepal","South Asia","Lower middle income"
245,"2026-05-05 03:22:00","Philippines: Mountain Province, Luis Hora Memorial Regional Hospital","Philippines","East Asia & Pacific","Lower middle income"
246,"2026-05-05 04:17:00","Nepal: bharatpur, national city hospital","Nepal","South Asia","Lower middle income"
247,"2026-05-05 06:15:00","Greece: Athens, Henry Dunant Hospital Center","Greece","Europe & Central Asia","High income"
248,"2026-05-05 06:23:00","Turkey: sakarya, private adatip hospital","Turkey","Europe & Central Asia","Upper middle income"
249,"2026-05-05 07:51:00","Nepal: Bharatpur, Chitwan, Nepal, Bharatpur Hospital","Nepal","South Asia","Lower middle income"
250,"2026-05-05 07:53:00","Nepal: kathmandu, kanti children hospital","Nepal","South Asia","Lower middle income"
251,"2026-05-05 09:06:00","United Kingdom: Camberley, Frimley Health NHS FT - Frimley Park","United Kingdom","Europe & Central Asia","High income"
252,"2026-05-05 10:35:00","Austria: Vienna, Donau Hospital","Austria","Europe & Central Asia","High income"
253,"2026-05-05 10:53:00","Bangladesh: mymensingh, mymensingh medical college hospital","Bangladesh","South Asia","Lower middle income"
254,"2026-05-05 11:40:00","Italy: Reggio Emilia, Azienda Unità Sanitaria Locale - IRCCS di Reggio Emilia","Italy","Europe & Central Asia","High income"
255,"2026-05-05 11:45:00","Greece: Thessaloniki, Agios Pavlos General Hospital","Greece","Europe & Central Asia","High income"
256,"2026-05-05 11:57:00","Finland: Oulu, Oulu University Hospital","Finland","Europe & Central Asia","High income"
257,"2026-05-05 12:01:00","Saudi Arabia: Jeddah, King Abdulaziz University Hospital","Saudi Arabia","Middle East & North Africa","High income"
258,"2026-05-05 12:01:00","Iraq: Duhok, Azadi emergency teaching hospital","Iraq","Middle East & North Africa","Upper middle income"
259,"2026-05-05 12:01:00","Greece: Athens, Evaggelismos General Hospital","Greece","Europe & Central Asia","High income"
260,"2026-05-05 12:01:00","Bulgaria: Panagyurishte, MHAT UniHospital","Bulgaria","Europe & Central Asia","High income"
261,"2026-05-05 12:01:00","India: Bhopal, All India Institute of Medical Sciences Bhopal","India","South Asia","Lower middle income"
262,"2026-05-05 12:02:00","Serbia: Belgrade, Clinic for Digestive surgery, University Clinical Center of Serbia, University of Belgrade, Faculty of Medicine","Serbia","Europe & Central Asia","Upper middle income"
263,"2026-05-05 12:02:00","Ireland: Waterford, University Hospital Waterford/University College Cork","Ireland","Europe & Central Asia","High income"
264,"2026-05-05 12:02:00","Australia: Melbourne, Dandenong Hospital","Australia","East Asia & Pacific","High income"
265,"2026-05-05 12:03:00","Portugal: Amadora, Hospital Prof. Doutor Fernando Fonseca, E.P.E.","Portugal","Europe & Central Asia","High income"
266,"2026-05-05 12:03:00","Portugal: Covilha, Centro Hospitalar Cova da Beira","Portugal","Europe & Central Asia","High income"
267,"2026-05-05 12:03:00","India: Bhopal, All India Institute of Medical Sciences Bhopal","India","South Asia","Lower middle income"
268,"2026-05-05 12:03:00","Turkey: Izmir, Izmir City Hospital","Turkey","Europe & Central Asia","Upper middle income"
269,"2026-05-05 12:03:00","Italy: Milan, Humanitas Research Hospital","Italy","Europe & Central Asia","High income"
270,"2026-05-05 12:03:00","Ethiopia: Gondar, Gondar University Comprehensive specialized hospital","Ethiopia","Sub-Saharan Africa","Low income"
271,"2026-05-05 12:03:00","Australia: Melbourne, Casey Hospital","Australia","East Asia & Pacific","High income"
272,"2026-05-05 12:03:00","Italy: Lecco, ASST di Lecco - P.O di Lecco","Italy","Europe & Central Asia","High income"
273,"2026-05-05 12:03:00","Switzerland: Liestal, Kantonsspital Baselland Liestal","Switzerland","Europe & Central Asia","High income"
274,"2026-05-05 12:03:00","United Kingdom: Macclesfield, Macclesfield District General Hospital","United Kingdom","Europe & Central Asia","High income"
275,"2026-05-05 12:04:00","Italy: Rome, Fondazione Policlinico Universitario Agostino Gemelli","Italy","Europe & Central Asia","High income"
276,"2026-05-05 12:04:00","United Kingdom: London, Chelsea and Westminster Hospital","United Kingdom","Europe & Central Asia","High income"
277,"2026-05-05 12:04:00","India: Varanasi, Sir Sunderlal Hospital Institute of Medical Sciences Banaras Hindu University","India","South Asia","Lower middle income"
278,"2026-05-05 12:04:00","Pakistan: Karachi, Patel Hospital","Pakistan","South Asia","Lower middle income"
279,"2026-05-05 12:05:00","France: Besancon, CHU Besançon","France","Europe & Central Asia","High income"
280,"2026-05-05 12:05:00","Turkey: Istanbul, Istanbul universty - Cerrahpaşa Medical faculty","Turkey","Europe & Central Asia","Upper middle income"
281,"2026-05-05 12:05:00","Poland: Wejherowo, Ceynowa Hospital","Poland","Europe & Central Asia","High income"
282,"2026-05-05 12:05:00","Russian Federation: Kovrov, First Clinical Medical Center","Russian Federation","Europe & Central Asia","High income"
283,"2026-05-05 12:06:00","Pakistan: Peshawar, Lady Reading Hospital","Pakistan","South Asia","Lower middle income"
284,"2026-05-05 12:06:00","Turkey: Istanbul, Istanbul universty - Cerrahpaşa Medical faculty","Turkey","Europe & Central Asia","Upper middle income"
285,"2026-05-05 12:06:00","Syrian Arab Republic: Damascus, Al-Mouwasat University Hospital","Syrian Arab Republic","Middle East & North Africa","Low income"
286,"2026-05-05 12:06:00","Greece: Athens, 417 Army Equity Fund Hospital","Greece","Europe & Central Asia","High income"
287,"2026-05-05 12:06:00","United Kingdom: Gillingham, Medway hospital","United Kingdom","Europe & Central Asia","High income"
288,"2026-05-05 12:06:00","South Africa: Ekuruleni, Tambo memorial hospital","South Africa","Sub-Saharan Africa","Upper middle income"
289,"2026-05-05 12:07:00","New Zealand: Christchurch, Christchurch Hospital","New Zealand","East Asia & Pacific","High income"
290,"2026-05-05 12:07:00","Egypt: Assiut, Assiut University Hospital","Egypt","Middle East & North Africa","Lower middle income"
291,"2026-05-05 12:07:00","Egypt: Alexandria, Alexandria University Students Hospital","Egypt","Middle East & North Africa","Lower middle income"
292,"2026-05-05 12:07:00","Jordan: Amman, Islamic Hospital","Jordan","Middle East & North Africa","Lower middle income"
293,"2026-05-05 12:07:00","Syrian Arab Republic: Latakia, Tishreen University Hospital","Syrian Arab Republic","Middle East & North Africa","Low income"
294,"2026-05-05 12:08:00","Ghana: Berekum, Berekum Holy Family Hospital","Ghana","Sub-Saharan Africa","Lower middle income"
295,"2026-05-05 12:09:00","Syrian Arab Republic: Damascus, Al-Mouwasat University Hospital","Syrian Arab Republic","Middle East & North Africa","Low income"
296,"2026-05-05 12:08:00","United Kingdom: London, North Middlesex University Hospital","United Kingdom","Europe & Central Asia","High income"
297,"2026-05-05 12:09:00","Tunisia: Monastir, University Hospital Fatouma Bourguiba","Tunisia","Middle East & North Africa","Lower middle income"
298,"2026-05-05 12:09:00","Tunisia: Sousse, Farhat Hatched Hospital","Tunisia","Middle East & North Africa","Lower middle income"
299,"2026-05-05 12:09:00","South Africa: Cape Town, Khayelitsha District Hospital","South Africa","Sub-Saharan Africa","Upper middle income"
300,"2026-05-05 12:09:00","New Zealand: Christchurch, Christchurch Hospital","New Zealand","East Asia & Pacific","High income"
301,"2026-05-05 12:09:00","Sweden: Stockholm, Karolinska University Hospital","Sweden","Europe & Central Asia","High income"
302,"2026-05-05 12:10:00","Pakistan: Karachi, PAF Faisal Hospital","Pakistan","South Asia","Lower middle income"
303,"2026-05-05 12:11:00","Yemen, Rep.: Sana'a, Al-Kuwait University Hospital","Yemen, Rep.","Middle East & North Africa","Low income"
304,"2026-05-05 12:10:00","Croatia: Zadar, Zadar General Hospital","Croatia","Europe & Central Asia","High income"
305,"2026-05-05 12:10:00","India: GORAKHPUR, ALL INDIA INSTITUTE OF MEDICAL SCIENCES, KURNAGHAT, GORAKHPUR, UTTAR PRADESH, AIIMS GORAKHPUR","India","South Asia","Lower middle income"
306,"2026-05-05 12:11:00","Ethiopia: Hawassa, Hawassa University Comprehensive Specialized Hospital","Ethiopia","Sub-Saharan Africa","Low income"
307,"2026-05-05 12:11:00","Ireland: Cork, Cork University Hospital","Ireland","Europe & Central Asia","High income"
308,"2026-05-05 12:11:00","United Kingdom: Newcastle Upon Tyne, Freeman Hospital","United Kingdom","Europe & Central Asia","High income"
309,"2026-05-05 12:11:00","Nigeria: Sokoto, Usmanu Danfodiyo University Teaching Hospital","Nigeria","Sub-Saharan Africa","Lower middle income"
310,"2026-05-05 12:11:00","Italy: Milan, Irccs Galeazzi - Sant'ambrogio","Italy","Europe & Central Asia","High income"
311,"2026-05-05 12:12:00","Turkey: Ankara, Ankara CITY Hospital","Turkey","Europe & Central Asia","Upper middle income"
312,"2026-05-05 12:12:00","Nigeria: Zaria, Ahmadu Bello University Teaching Hospital","Nigeria","Sub-Saharan Africa","Lower middle income"
313,"2026-05-05 12:13:00","Turkey: Adana, Adana city training and research hospital","Turkey","Europe & Central Asia","Upper middle income"
314,"2026-05-05 12:13:00","Jordan: As-Salt, Al Hussain New Salt Hospital","Jordan","Middle East & North Africa","Lower middle income"
315,"2026-05-05 12:13:00","Romania: Bucharest, University Emergency Hospital Bucharest","Romania","Europe & Central Asia","High income"
316,"2026-05-05 12:13:00","Spain: Valladolid, Hospital Clínico Universitario de Valladolid","Spain","Europe & Central Asia","High income"
317,"2026-05-05 12:13:00","Italy: Foggia, Ospedali Riuniti Azienda Ospedaliera Universitaria","Italy","Europe & Central Asia","High income"
318,"2026-05-05 12:13:00","Portugal: Penafiel, Centro Hospitalar do Tamega e Sousa","Portugal","Europe & Central Asia","High income"
319,"2026-05-05 12:13:00","Italy: Carpi, Ramazzini","Italy","Europe & Central Asia","High income"
320,"2026-05-05 12:14:00","Nigeria: Bauchi, Abubakar Tafawa Balewa University Teaching Hospital Bauchi","Nigeria","Sub-Saharan Africa","Lower middle income"
321,"2026-05-05 12:14:00","Turkey: Ankara, Ankara CITY Hospital","Turkey","Europe & Central Asia","Upper middle income"
322,"2026-05-05 12:15:00","Pakistan: Peshawar, Lady Reading Hospital","Pakistan","South Asia","Lower middle income"
323,"2026-05-05 12:15:00","United Kingdom: Stevenage, Lister Hospital","United Kingdom","Europe & Central Asia","High income"
324,"2026-05-05 12:15:00","Australia: melbourne, dandenong casey","Australia","East Asia & Pacific","High income"
325,"2026-05-05 12:15:00","Italy: prato, santo stefano","Italy","Europe & Central Asia","High income"
326,"2026-05-05 12:16:00","Yemen, Rep.: Sana'a, Modern German Hospital","Yemen, Rep.","Middle East & North Africa","Low income"
327,"2026-05-05 12:16:00","Italy: Arezzo, Ospedale S.maria Alla Gruccia Valdarno","Italy","Europe & Central Asia","High income"
328,"2026-05-05 12:16:00","Croatia: Zagreb, University Hospital Centre Zagreb","Croatia","Europe & Central Asia","High income"
329,"2026-05-05 12:17:00","Lithuania: Vilnius, Republican Vilnius University Hospital","Lithuania","Europe & Central Asia","High income"
330,"2026-05-05 12:18:00","India: Bhopal, All India Institute of Medical Sciences Bhopal","India","South Asia","Lower middle income"
331,"2026-05-05 12:18:00","Greece: Alexandroupolis, Alexandroupolis University General Hospital","Greece","Europe & Central Asia","High income"
332,"2026-05-05 12:19:00","Palestine: Jenin, West Bank, Ibn Sina Specialized Hospital","Palestine","Middle East & North Africa","Lower middle income"
333,"2026-05-05 12:19:00","United Kingdom: Dundee, Ninewells Hospital","United Kingdom","Europe & Central Asia","High income"
334,"2026-05-05 12:19:00","Qatar: Doha, The Pearl International Hospital","Qatar","Middle East & North Africa","High income"
335,"2026-05-05 12:21:00","Thailand: Bangkok, King Chulalongkorn Memorial Hospital","Thailand","East Asia & Pacific","Upper middle income"
336,"2026-05-05 12:21:00","Bulgaria: Plovdiv, University Hospital Eurohospital","Bulgaria","Europe & Central Asia","High income"
337,"2026-05-05 12:21:00","Italy: Rome, Fondazione Policlinico Universitario Campus Bio Medico Of Rome","Italy","Europe & Central Asia","High income"
338,"2026-05-05 12:21:00","Italy: Udine, santa maria della misericordia","Italy","Europe & Central Asia","High income"
339,"2026-05-05 12:21:00","United Kingdom: Birmingham, Birmingham children's hospital","United Kingdom","Europe & Central Asia","High income"
340,"2026-05-05 12:22:00","United Kingdom: Birmingham, Heartlands Hospital","United Kingdom","Europe & Central Asia","High income"
341,"2026-05-05 12:22:00","Iraq: erbil, hawler teaching hospital","Iraq","Middle East & North Africa","Upper middle income"
342,"2026-05-05 12:22:00","United Kingdom: Bristol, Bristol Royal Infirmary","United Kingdom","Europe & Central Asia","High income"
343,"2026-05-05 12:23:00","Nigeria: Katsina, Turai Umar Yaradua Maternal and Children Hospital Katsina","Nigeria","Sub-Saharan Africa","Lower middle income"
344,"2026-05-05 12:23:00","Australia: Tamworth, Tamworth Base Hospital","Australia","East Asia & Pacific","High income"
345,"2026-05-05 12:23:00","Nigeria: Ibadan, University College Hospital","Nigeria","Sub-Saharan Africa","Lower middle income"
346,"2026-05-05 12:25:00","Bangladesh: Dhaka, BIRDEM General Hospital","Bangladesh","South Asia","Lower middle income"
347,"2026-05-05 12:25:00","Yemen, Rep.: Sana'a, University of Science & Technology Hospital","Yemen, Rep.","Middle East & North Africa","Low income"
348,"2026-05-05 12:26:00","South Africa: Cape Town, Groote Schuur Hospital","South Africa","Sub-Saharan Africa","Upper middle income"
349,"2026-05-05 12:26:00","Ethiopia: Jimma, Jimma University Medical Center","Ethiopia","Sub-Saharan Africa","Low income"
350,"2026-05-05 12:27:00","Italy: Rome, Fatebenefratelli Isola Tiberina","Italy","Europe & Central Asia","High income"
351,"2026-05-05 12:27:00","Portugal: Lisbon, Champalimaud Foundation","Portugal","Europe & Central Asia","High income"
352,"2026-05-05 12:29:00","Palestine: Jenin, West Bank, The Martyr Dr. Khalil Sulaiman Hospital (Jenin Governmental Hospital)","Palestine","Middle East & North Africa","Lower middle income"
353,"2026-05-05 12:29:00","United Kingdom: London, Moorfields Eye Hospital","United Kingdom","Europe & Central Asia","High income"
354,"2026-05-05 12:29:00","Sri Lanka: Colombo, National Hospital of Sri Lanka","Sri Lanka","South Asia","Lower middle income"
355,"2026-05-05 12:30:00","Turkey: Ankara, Yüksek İhtisas University, Medicalpark Hospital (Batıkent","Turkey","Europe & Central Asia","Upper middle income"
356,"2026-05-05 12:30:00","Jordan: As-Salt, Al Hussain New Salt Hospital","Jordan","Middle East & North Africa","Lower middle income"
357,"2026-05-05 12:31:00","Pakistan: Peshawar, Lady Reading Hospital","Pakistan","South Asia","Lower middle income"
358,"2026-05-05 12:31:00","Spain: Seville, Hospital Universitario Virgen Macarena","Spain","Europe & Central Asia","High income"
359,"2026-05-05 12:31:00","Turkey: Izmir, Izmir City Hospital","Turkey","Europe & Central Asia","Upper middle income"
360,"2026-05-05 12:32:00","Turkey: Izmir, Izmir City Hospital","Turkey","Europe & Central Asia","Upper middle income"
361,"2026-05-05 12:33:00","Saudi Arabia: Jeddah, King Abdulaziz University Hospital","Saudi Arabia","Middle East & North Africa","High income"
362,"2026-05-05 12:33:00","Sudan: Madani, Wad Madani Teaching Hospital","Sudan","Sub-Saharan Africa","Low income"
363,"2026-05-05 12:34:00","Syrian Arab Republic: Latakia, National Hospital Latakia","Syrian Arab Republic","Middle East & North Africa","Low income"
364,"2026-05-05 12:35:00","United Kingdom: Hull, Hull University Teaching Hospitals NHS Trust","United Kingdom","Europe & Central Asia","High income"
365,"2026-05-05 12:35:00","Spain: Valladolid, Hospital Clínico Universitario de Valladolid","Spain","Europe & Central Asia","High income"
366,"2026-05-05 12:36:00","Indonesia: Yogyakarta, Central General Hospital dr. Sardjito","Indonesia","East Asia & Pacific","Upper middle income"
367,"2026-05-05 12:37:00","Italy: Rome, Fondazione Policlinico Universitario Campus Bio Medico Of Rome","Italy","Europe & Central Asia","High income"
368,"2026-05-05 12:37:00","Australia: Newcastle, John Hunter Hospital","Australia","East Asia & Pacific","High income"
369,"2026-05-05 12:37:00","Austria: Feldkirch, Landeskrankenhaus Feldkirch","Austria","Europe & Central Asia","High income"
370,"2026-05-05 12:38:00","Saudi Arabia: Jeddah, King Abdulaziz University Hospital","Saudi Arabia","Middle East & North Africa","High income"
371,"2026-05-05 12:39:00","United Kingdom: Southampton, Southampton General Hospital","United Kingdom","Europe & Central Asia","High income"
372,"2026-05-05 12:39:00","Germany: korbach, hessenklinik stadtkrankenhaus korbach","Germany","Europe & Central Asia","High income"
373,"2026-05-05 12:39:00","Ghana: Accra, The Trust Hospital Company Limited","Ghana","Sub-Saharan Africa","Lower middle income"
374,"2026-05-05 12:39:00","Australia: Canberra, North Canberra Hospital","Australia","East Asia & Pacific","High income"
375,"2026-05-05 12:40:00","Tunisia: Tunis, Institut Salah Azaiez","Tunisia","Middle East & North Africa","Lower middle income"
376,"2026-05-05 12:40:00","United Kingdom: Stoke-On-Trent, University Hospitals of North Midlands","United Kingdom","Europe & Central Asia","High income"
377,"2026-05-05 12:41:00","Australia: Canberra, Canberra Hospital","Australia","East Asia & Pacific","High income"
378,"2026-05-05 12:41:00","Saudi Arabia: Jeddah, King Abdulaziz University Hospital","Saudi Arabia","Middle East & North Africa","High income"
379,"2026-05-05 12:41:00","Greece: Athens, Laiko University Hospital","Greece","Europe & Central Asia","High income"
380,"2026-05-05 12:42:00","Ethiopia: Hawassa, Yanet Trauma and Surgical Center","Ethiopia","Sub-Saharan Africa","Low income"
381,"2026-05-05 12:42:00","Spain: Palencia, Complejo Asistencial Universitario de Palencia","Spain","Europe & Central Asia","High income"
382,"2026-05-05 12:42:00","United States: New York, Staten Island Universtiy Hosptial - Norhtwell Health","United States","North America","High income"
383,"2026-05-05 12:42:00","Syrian Arab Republic: Damascus, Al-Mouwasat University Hospital","Syrian Arab Republic","Middle East & North Africa","Low income"
384,"2026-05-05 12:43:00","Ukraine: Kharkiv, Kharkiv Regional Hospital","Ukraine","Europe & Central Asia","Upper middle income"
385,"2026-05-05 12:43:00","India: Delhi, St Stephen's Hospital","India","South Asia","Lower middle income"
386,"2026-05-05 12:44:00","Italy: Turin, Città della Salute e della Scienza","Italy","Europe & Central Asia","High income"
387,"2026-05-05 12:44:00","United Kingdom: Leeds, Leeds General Infirmary","United Kingdom","Europe & Central Asia","High income"
388,"2026-05-05 12:45:00","Brazil: Porto Alegre, Hospital Moinhos De Vento","Brazil","Latin America & Caribbean","Upper middle income"
389,"2026-05-05 12:46:00","Poland: Krakow, Jagiellonian University Medical College","Poland","Europe & Central Asia","High income"
390,"2026-05-05 12:47:00","Malaysia: Kuala Lumpur, Hospital Canselor Tuanku Muhriz","Malaysia","East Asia & Pacific","Upper middle income"
391,"2026-05-05 12:47:00","Yemen, Rep.: Sana'a, Al -Kuwait Teaching Hospital","Yemen, Rep.","Middle East & North Africa","Low income"
393,"2026-05-05 12:48:00","Nigeria: Gombe, Federal Teaching Hospital, Gombe","Nigeria","Sub-Saharan Africa","Lower middle income"
394,"2026-05-05 12:48:00","Syrian Arab Republic: Damascus, Al-Mouwasat University Hospital","Syrian Arab Republic","Middle East & North Africa","Low income"
395,"2026-05-05 12:49:00","Syrian Arab Republic: Latakia, Tishreen University Hospital","Syrian Arab Republic","Middle East & North Africa","Low income"
396,"2026-05-05 12:49:00","United States: Chicago, Il, Mount Sinai Hospital Chicago","United States","North America","High income"
397,"2026-05-05 12:50:00","Croatia: Zagreb, University Hospital Centre Zagreb","Croatia","Europe & Central Asia","High income"
398,"2026-05-05 12:51:00","Turkey: Istanbul, Sultanbeyli State Hospital","Turkey","Europe & Central Asia","Upper middle income"
399,"2026-05-05 12:51:00","United Kingdom: Manchester, Wythenshawe Hospital","United Kingdom","Europe & Central Asia","High income"
400,"2026-05-05 12:52:00","Italy: Catania, Azienda Ospedaliero- Universitaria Policlinico San Marco","Italy","Europe & Central Asia","High income"
401,"2026-05-05 12:52:00","Yemen, Rep.: Sana'a , Yemen, United Specialized Hospital","Yemen, Rep.","Middle East & North Africa","Low income"
402,"2026-05-05 12:52:00","Ireland: Galway, University Hospital Galway","Ireland","Europe & Central Asia","High income"
403,"2026-05-05 12:54:00","Libya: Tripoli, Tripoli Central Hospital","Libya","Middle East & North Africa","Upper middle income"
405,"2026-05-05 12:55:00","Spain: Palencia, Complejo Asistencial Universitario de Palencia","Spain","Europe & Central Asia","High income"
406,"2026-05-05 12:56:00","Yemen, Rep.: Sana'a , Yemen, United Specialized Hospital","Yemen, Rep.","Middle East & North Africa","Low income"
407,"2026-05-05 12:57:00","Italy: Treviso, Ca' Foncello","Italy","Europe & Central Asia","High income"
408,"2026-05-05 12:58:00","","",,
409,"2026-05-05 12:59:00","Turkey: Erzurum, Atatürk University Faculty of Medicine, Research Hospital","Turkey","Europe & Central Asia","Upper middle income"
410,"2026-05-05 13:00:00","Sri Lanka: Anuradhapura, Teaching Hospital Anuradhapura","Sri Lanka","South Asia","Lower middle income"
411,"2026-05-05 13:00:00","Turkey: trabzon, kanuni training and research hospital","Turkey","Europe & Central Asia","Upper middle income"
412,"2026-05-05 13:00:00","United Kingdom: Sutton Coldfield, Good Hope Hospital","United Kingdom","Europe & Central Asia","High income"
413,"2026-05-05 13:01:00","United Kingdom: Wirral, Wirral University Teaching Hospital","United Kingdom","Europe & Central Asia","High income"
414,"2026-05-05 13:01:00","Germany: Wuppertal, Helios Universitätsklinikum Wuppertal (Universität Witten/Herdecke)","Germany","Europe & Central Asia","High income"
415,"2026-05-05 13:02:00","Turkey: Istanbul, Istanbul Aydin University Hospital","Turkey","Europe & Central Asia","Upper middle income"
416,"2026-05-05 13:02:00","India: pune, armed forces medical college pune","India","South Asia","Lower middle income"
417,"2026-05-05 13:03:00","Kazakhstan: Almaty, JSC 'Central Clinical Hospital'","Kazakhstan","Europe & Central Asia","Upper middle income"
418,"2026-05-05 13:04:00","Yemen, Rep.: ibb, jiblah university hospital","Yemen, Rep.","Middle East & North Africa","Low income"
419,"2026-05-05 13:04:00","Ethiopia: Debre Markos, Debre Markos Comprehensive specialized Hospital","Ethiopia","Sub-Saharan Africa","Low income"
420,"2026-05-05 13:04:00","Italy: Rome, Fondazione Policlinico Universitario Campus Bio Medico Of Rome","Italy","Europe & Central Asia","High income"
421,"2026-05-05 13:05:00","Yemen, Rep.: Sana'a , Yemen, United Specialized Hospital","Yemen, Rep.","Middle East & North Africa","Low income"
422,"2026-05-05 13:05:00","Australia: Newcastle, John Hunter Hospital","Australia","East Asia & Pacific","High income"
423,"2026-05-05 13:05:00","Yemen, Rep.: Sana'a, Algomhori teaching hospital","Yemen, Rep.","Middle East & North Africa","Low income"
424,"2026-05-05 13:05:00","Turkey: Istanbul, Haseki Traning And Research Hospital","Turkey","Europe & Central Asia","Upper middle income"
425,"2026-05-05 13:06:00","Nigeria: enugu, national orthopaedic hospital enugu","Nigeria","Sub-Saharan Africa","Lower middle income"
426,"2026-05-05 13:07:00","Germany: Frankfurt, Frankfurt University Hospital, Goethe University","Germany","Europe & Central Asia","High income"
427,"2026-05-05 13:07:00","Romania: Iasi, Saint Mary Emergency Children Hospital","Romania","Europe & Central Asia","High income"
428,"2026-05-05 13:08:00","Poland: Olsztyn, Municipal Hospital","Poland","Europe & Central Asia","High income"
429,"2026-05-05 13:08:00","India: New Delhi, All India Institute of Medical Sciences New Delhi","India","South Asia","Lower middle income"
430,"2026-05-05 13:08:00","South Africa: East London, Frere Hospital","South Africa","Sub-Saharan Africa","Upper middle income"
431,"2026-05-05 13:09:00","Spain: madrid, hospital universitario infanta leonor","Spain","Europe & Central Asia","High income"
432,"2026-05-05 13:10:00","Turkey: Erzurum, Atatürk University Faculty of Medicine, Research Hospital","Turkey","Europe & Central Asia","Upper middle income"
433,"2026-05-05 13:10:00","Austria: Graz, Medical University of Graz","Austria","Europe & Central Asia","High income"
434,"2026-05-05 13:11:00","Italy: Pinerolo, Edoardo Agnelli","Italy","Europe & Central Asia","High income"
435,"2026-05-05 13:11:00","United Kingdom: Oxford, John Radcliffe Hospital","United Kingdom","Europe & Central Asia","High income"
436,"2026-05-05 13:12:00","Greece: Athens, Konstantopouleio General Hospital of Athens","Greece","Europe & Central Asia","High income"
437,"2026-05-05 13:12:00","India: Lucknow, King George's Medical University","India","South Asia","Lower middle income"
438,"2026-05-05 13:13:00","Qatar: Doha, Hamad General Hospital","Qatar","Middle East & North Africa","High income"
439,"2026-05-05 13:13:00","Russian Federation: Moscow, IM Sechenov First Moscow State Medical University","Russian Federation","Europe & Central Asia","High income"
440,"2026-05-05 13:14:00","Paraguay: Asuncion, Hospital de Trauma Manuel Giagni","Paraguay","Latin America & Caribbean","Upper middle income"
441,"2026-05-05 13:15:00","Libya: Zwara, Zwara Maritime Hospital","Libya","Middle East & North Africa","Upper middle income"
442,"2026-05-05 13:15:00","Saudi Arabia: Jeddah, King Abdulaziz University Hospital","Saudi Arabia","Middle East & North Africa","High income"
443,"2026-05-05 13:16:00","Italy: Bologna, IRCCS Istituto Ortopedico Rizzoli","Italy","Europe & Central Asia","High income"
444,"2026-05-05 13:17:00","Albania: Tirana, Universitary Hospital Center ' Mother Theresa' Tiranea","Albania","Europe & Central Asia","Upper middle income"
445,"2026-05-05 13:17:00","Pakistan: Lahore, Doctor Medical Center","Pakistan","South Asia","Lower middle income"
446,"2026-05-05 13:17:00","India: Ludhiana, Christian Medical College & Hospital","India","South Asia","Lower middle income"
447,"2026-05-05 13:18:00","Ethiopia: Debre Markos, Debre Markos Comprehensive specialized Hospital","Ethiopia","Sub-Saharan Africa","Low income"
448,"2026-05-05 13:19:00","Ethiopia: Addis Ababa, Tikur Anbessa Specialized (Black Lion) Hospital","Ethiopia","Sub-Saharan Africa","Low income"
449,"2026-05-05 13:19:00","Yemen, Rep.: Sana'a, AL- QODS MILITARY HOSPITAL","Yemen, Rep.","Middle East & North Africa","Low income"
450,"2026-05-05 13:19:00","Libya: Zliten, Zliten Teaching Hospital","Libya","Middle East & North Africa","Upper middle income"
451,"2026-05-05 13:20:00","Russian Federation: Moscow, IM Sechenov First Moscow State Medical University","Russian Federation","Europe & Central Asia","High income"
452,"2026-05-05 13:20:00","Germany: Rostock, University Hospital Rostock","Germany","Europe & Central Asia","High income"
453,"2026-05-05 13:20:00","Italy: Rome, Ospedale Santo Spirito in Sassia","Italy","Europe & Central Asia","High income"
454,"2026-05-05 13:21:00","Spain: Amposta, Hospital Comarcal de Amposta","Spain","Europe & Central Asia","High income"
455,"2026-05-05 13:21:00","Italy: Rome, Ospedale San Filippo Neri","Italy","Europe & Central Asia","High income"
456,"2026-05-05 13:22:00","Turkey: Sakarya, Sakarya University Training and Research Hospital","Turkey","Europe & Central Asia","Upper middle income"
457,"2026-05-05 13:23:00","Canada: Vancouver, Vancouver General Hospital","Canada","North America","High income"
458,"2026-05-05 13:23:00","Yemen, Rep.: Sana'a, Al -Kuwait Teaching Hospital","Yemen, Rep.","Middle East & North Africa","Low income"
459,"2026-05-05 13:25:00","Nigeria: Abakaliki, Alex Ekwueme Federal University Teaching Hospital Abakiliki 2 (AEFUTHA 2)","Nigeria","Sub-Saharan Africa","Lower middle income"
460,"2026-05-05 13:25:00","Yemen, Rep.: Sana'a, AL- QODS MILITARY HOSPITAL","Yemen, Rep.","Middle East & North Africa","Low income"
461,"2026-05-05 13:25:00","North Macedonia: Skopje, University Clinic of Traumatology, Medical faculty of Skopje, Ss Cyrill and Methodius University","North Macedonia","Europe & Central Asia","Upper middle income"
462,"2026-05-05 13:26:00","Turkey: Ankara, University Of Health Sciences, Ankara Training And Research Hospital","Turkey","Europe & Central Asia","Upper middle income"
463,"2026-05-05 13:26:00","Yemen, Rep.: Ibb, AL-NASR Hospital","Yemen, Rep.","Middle East & North Africa","Low income"
464,"2026-05-05 13:26:00","Turkey: Erzurum, Atatürk University Faculty of Medicine, Research Hospital","Turkey","Europe & Central Asia","Upper middle income"
465,"2026-05-05 13:26:00","Turkey: Ankara, Ankara CITY Hospital","Turkey","Europe & Central Asia","Upper middle income"
466,"2026-05-05 13:27:00","Turkey: Ankara, Ankara CITY Hospital","Turkey","Europe & Central Asia","Upper middle income"
467,"2026-05-05 13:28:00","United Kingdom: Blackpool, Blackpool Victoria Hospital","United Kingdom","Europe & Central Asia","High income"
468,"2026-05-05 13:28:00","Sri Lanka: Colombo, National Hospital of Sri Lanka","Sri Lanka","South Asia","Lower middle income"
469,"2026-05-05 13:30:00","Philippines: panabo, rivera medical center inc","Philippines","East Asia & Pacific","Lower middle income"
470,"2026-05-05 13:30:00","Syrian Arab Republic: Latakia, Othaman Hospital","Syrian Arab Republic","Middle East & North Africa","Low income"
471,"2026-05-05 13:31:00","Bosnia and Herzegovina: Mostar, SKB University Clinical Hospital Mostar","",,
472,"2026-05-05 13:31:00","Nigeria: Lagos, Awesome Grace Hospital","Nigeria","Sub-Saharan Africa","Lower middle income"
473,"2026-05-05 13:32:00","Saudi Arabia: Riyadh, Al Iman General Hospital","Saudi Arabia","Middle East & North Africa","High income"
474,"2026-05-05 13:32:00","United Kingdom: Margate, Queen Elizabeth the Queen Mother Hospital Margate","United Kingdom","Europe & Central Asia","High income"
475,"2026-05-05 13:34:00","Greece: Thessaloniki, Papageorgiou General Hospital","Greece","Europe & Central Asia","High income"
476,"2026-05-05 13:34:00","","",,
477,"2026-05-05 13:34:00","Philippines: zamboanga city, labuan general hospital","Philippines","East Asia & Pacific","Lower middle income"
478,"2026-05-05 13:35:00","Sri Lanka: Batticaloa, Teaching Hospital Batticaloa","Sri Lanka","South Asia","Lower middle income"
479,"2026-05-05 13:37:00","Spain: Zaragoza, Hospital Universitario Miguel Servet","Spain","Europe & Central Asia","High income"
480,"2026-05-05 13:37:00","India: Pondicherry, Jawaharlal Institute of Postgraduate Medical Education and Research","India","South Asia","Lower middle income"
481,"2026-05-05 13:39:00","Egypt: Minia, Minia University Hospital","Egypt","Middle East & North Africa","Lower middle income"
482,"2026-05-05 13:41:00","Italy: Rome, Policlinico Tor Vergata Hospital, Rome","Italy","Europe & Central Asia","High income"
483,"2026-05-05 13:42:00","Turkey: Erzurum, Atatürk University Faculty of Medicine, Research Hospital","Turkey","Europe & Central Asia","Upper middle income"
484,"2026-05-05 13:43:00","Italy: Rome, Policlinico Tor Vergata Hospital, Rome","Italy","Europe & Central Asia","High income"
485,"2026-05-05 13:43:00","Romania: Bucharest, Coltea Clinical Hospital","Romania","Europe & Central Asia","High income"
486,"2026-05-05 13:43:00","Ghana: Kumasi, Komfo-Anokye Teaching Hospital","Ghana","Sub-Saharan Africa","Lower middle income"
487,"2026-05-05 13:44:00","Italy: Rome, Policlinico Tor Vergata Hospital, Rome","Italy","Europe & Central Asia","High income"
488,"2026-05-05 13:44:00","Italy: Forlì, Morgagni-Pierantoni","Italy","Europe & Central Asia","High income"
489,"2026-05-05 13:44:00","","Switzerland","Europe & Central Asia","High income"
490,"2026-05-05 13:45:00","South Africa: Cape Town, Groote Schuur Hospital","South Africa","Sub-Saharan Africa","Upper middle income"
491,"2026-05-05 13:46:00","Kenya: Bomet, Tenwek Hospital","Kenya","Sub-Saharan Africa","Lower middle income"
492,"2026-05-05 13:48:00","United Kingdom: London, Royal Free Hospital","United Kingdom","Europe & Central Asia","High income"
493,"2026-05-05 13:48:00","Spain: Lleida, Hospital Universitari Arnau de Vilanova","Spain","Europe & Central Asia","High income"
494,"2026-05-05 13:50:00","Italy: Firenze, Azienda Ospedaliera Universitaria Careggi","Italy","Europe & Central Asia","High income"
495,"2026-05-05 13:50:00","Lithuania: Vilnius, Vilnius University Hospital","Lithuania","Europe & Central Asia","High income"
496,"2026-05-05 13:50:00","Saudi Arabia: Bukayriyah, Bukayriyah General Hospital","Saudi Arabia","Middle East & North Africa","High income"
497,"2026-05-05 13:50:00","Yemen, Rep.: Sana'a, AL- QODS MILITARY HOSPITAL","Yemen, Rep.","Middle East & North Africa","Low income"
498,"2026-05-05 13:51:00","Nigeria: Enugu, university of Nigeria teaching hospital ituku ozalla Enugu","Nigeria","Sub-Saharan Africa","Lower middle income"
499,"2026-05-05 13:52:00","Italy: Milan, San Raffaele Scientific Institute, Milan","Italy","Europe & Central Asia","High income"
500,"2026-05-05 13:54:00","Oman: Muscat, Sultan Qaboos University Hospital","Oman","Middle East & North Africa","High income"
501,"2026-05-05 13:55:00","Libya: Zwara, Zwara Maritime Hospital","Libya","Middle East & North Africa","Upper middle income"
502,"2026-05-05 13:55:00","United Kingdom: Leicester, Leicester Royal Infirmary","United Kingdom","Europe & Central Asia","High income"
503,"2026-05-05 13:57:00","Switzerland: Aarau, Kantonsspital Aarau","Switzerland","Europe & Central Asia","High income"
504,"2026-05-05 13:58:00","Iraq: Duhok, Azadi emergency teaching hospital","Iraq","Middle East & North Africa","Upper middle income"
505,"2026-05-05 13:59:00","Spain: Madrid, Fundación Jimenez Diaz University Hospital","Spain","Europe & Central Asia","High income"
506,"2026-05-05 14:00:00","Chile: Santiago, Red de Salud UC CHRISTUS","Chile","Latin America & Caribbean","High income"
507,"2026-05-05 14:00:00","Tunisia: Ariana, Hospital Mahmoud El Matri","Tunisia","Middle East & North Africa","Lower middle income"
508,"2026-05-05 14:00:00","Italy: Bari, Azienda Ospedaliero Universitaria Consorziale Policlinico Di Bari","Italy","Europe & Central Asia","High income"
509,"2026-05-05 14:03:00","Brazil: tres lagoas, hospital regional tres lagoas","Brazil","Latin America & Caribbean","Upper middle income"
510,"2026-05-05 14:05:00","Australia: Canberra, Canberra Hospital","Australia","East Asia & Pacific","High income"
511,"2026-05-05 14:06:00","Tunisia: Tunis, La Rabta Hospital, General Surgery Department A","Tunisia","Middle East & North Africa","Lower middle income"
512,"2026-05-05 14:06:00","Libya: Tripoli, Tripoli Medical Center/ Tripoli University Hospital","Libya","Middle East & North Africa","Upper middle income"
513,"2026-05-05 14:07:00","Italy: Genoa, IRCCS Ospedale Policlinico San Martino","Italy","Europe & Central Asia","High income"
514,"2026-05-05 14:09:00","Nigeria: Abakaliki, Alex Ekwueme Federal University Teaching Hospital Abakiliki 2 (AEFUTHA 2)","Nigeria","Sub-Saharan Africa","Lower middle income"
515,"2026-05-05 14:11:00","Sri Lanka: kalmunai, base hospital kalmunai north","Sri Lanka","South Asia","Lower middle income"
516,"2026-05-05 14:11:00","Russian Federation: Yuzhno-Sakhalinsk, Private healthcare institution 'RZD-Medicine'","Russian Federation","Europe & Central Asia","High income"
517,"2026-05-05 14:13:00","Italy: Pisa, Azienda Ospedaliero Universitaria Pisana","Italy","Europe & Central Asia","High income"
518,"2026-05-05 14:13:00","Greece: Larissa, General Hospital of Larissa 'Koutlimpaneio and Triantafylleio'","Greece","Europe & Central Asia","High income"
519,"2026-05-05 14:13:00","Italy: Varese Lombardy, University of Insubria, Ospedale di Circolo e Fondazione Macchi (Varese)","Italy","Europe & Central Asia","High income"
520,"2026-05-05 14:14:00","Tunisia: Tunis, Institut Salah Azaiez","Tunisia","Middle East & North Africa","Lower middle income"
521,"2026-05-05 14:16:00","Egypt: Benha, Benha University Hospital","Egypt","Middle East & North Africa","Lower middle income"
522,"2026-05-05 14:17:00","Jordan: Amman, Al-Basheer Hospital","Jordan","Middle East & North Africa","Lower middle income"
523,"2026-05-05 14:18:00","Pakistan: Karachi, The Indus Hospital","Pakistan","South Asia","Lower middle income"
524,"2026-05-05 14:20:00","Egypt: Cairo, Kasr Alainy Hospital, Faculty of Medicine, Cairo University","Egypt","Middle East & North Africa","Lower middle income"
525,"2026-05-05 14:21:00","United States: Charleston, Medical University of South Carolina","United States","North America","High income"
526,"2026-05-05 14:21:00","Nigeria: Umuahia, Federal Medical Centre Umuahia","Nigeria","Sub-Saharan Africa","Lower middle income"
527,"2026-05-05 14:21:00","Nigeria: Ibadan, Ring Road State Hospital Ibadan","Nigeria","Sub-Saharan Africa","Lower middle income"
528,"2026-05-05 14:21:00","Spain: Barcelona, Hospital Sant Joan de Deu","Spain","Europe & Central Asia","High income"
529,"2026-05-05 14:21:00","Jordan: Amman, Jordan University Hospital","Jordan","Middle East & North Africa","Lower middle income"
530,"2026-05-05 14:22:00","Oman: Muscat, Medical City for Military and Security Services","Oman","Middle East & North Africa","High income"
531,"2026-05-05 14:22:00","Turkey: Erzurum, Atatürk University Faculty of Medicine, Research Hospital","Turkey","Europe & Central Asia","Upper middle income"
532,"2026-05-05 14:23:00","Italy: Rome, Fatebenefratelli Isola Tiberina","Italy","Europe & Central Asia","High income"
533,"2026-05-05 14:24:00","United States: Dallas, University of Texas Southwestern","United States","North America","High income"
534,"2026-05-05 14:26:00","Turkey: canakkale, canakkale onsekiz mart university hospital","Turkey","Europe & Central Asia","Upper middle income"
535,"2026-05-05 14:26:00","Jordan: Madaba, Al Nadeem Hospital","Jordan","Middle East & North Africa","Lower middle income"
536,"2026-05-05 14:27:00","Sudan: postudan, prince Osman Digna Referral Hospital","Sudan","Sub-Saharan Africa","Low income"
537,"2026-05-05 14:27:00","Sudan: Madani, Wad Madani Teaching Hospital","Sudan","Sub-Saharan Africa","Low income"
538,"2026-05-05 14:28:00","United Kingdom: Norwich, Norfolk and Norwich University Hospital","United Kingdom","Europe & Central Asia","High income"
539,"2026-05-05 14:28:00","Tunisia: Gabes, University Hospital of gabes","Tunisia","Middle East & North Africa","Lower middle income"
540,"2026-05-05 14:29:00","Paraguay: Asuncion, Hospital De Especialidades Quirurgicas - Instituto De Prevision Social","Paraguay","Latin America & Caribbean","Upper middle income"
541,"2026-05-05 14:30:00","India: Chandigarh, Postgraduate Institute of Medical Education & Research","India","South Asia","Lower middle income"
542,"2026-05-05 14:32:00","Yemen, Rep.: Sana'a, AL- QODS MILITARY HOSPITAL","Yemen, Rep.","Middle East & North Africa","Low income"
543,"2026-05-05 14:36:00","Palestine: Hebron, West Bank, Al-Mezan Speciality Hospital","Palestine","Middle East & North Africa","Lower middle income"
544,"2026-05-05 14:37:00","Mexico: puebla, hospital de traumatologia y ortopedia doctor y general rafael moreno valle","Mexico","Latin America & Caribbean","Upper middle income"
545,"2026-05-05 14:39:00","Colombia: Buga, Fundación Hospital San José de Buga","Colombia","Latin America & Caribbean","Upper middle income"
546,"2026-05-05 14:42:00","Ukraine: Lviv, Saint Paraskeva Medical Center","Ukraine","Europe & Central Asia","Upper middle income"
547,"2026-05-05 14:43:00","Saudi Arabia: Sarat Abidah, Sarat Abidah General Hospital","Saudi Arabia","Middle East & North Africa","High income"
548,"2026-05-05 14:47:00","Greece: Patras, General University Hospital of Patras","Greece","Europe & Central Asia","High income"
549,"2026-05-05 14:49:00","Croatia: Zadar, Zadar General Hospital","Croatia","Europe & Central Asia","High income"
550,"2026-05-05 14:49:00","Nigeria: Gombe, Federal Teaching Hospital, Gombe","Nigeria","Sub-Saharan Africa","Lower middle income"
551,"2026-05-05 14:50:00","Portugal: Ponta Delgada, Hospital do Divino Espírito Santo","Portugal","Europe & Central Asia","High income"
552,"2026-05-05 14:50:00","Pakistan: Rawalpindi, Holy Family Hospital Rawalpindi","Pakistan","South Asia","Lower middle income"
553,"2026-05-05 14:52:00","Italy: Firenze, Azienda Ospedaliera Universitaria Careggi","Italy","Europe & Central Asia","High income"
554,"2026-05-05 14:52:00","Palestine: Ramallah, West Bank, Palestine Medical Complex","Palestine","Middle East & North Africa","Lower middle income"
555,"2026-05-05 14:52:00","United States: Knoxville, University of Tennessee Medical Center","United States","North America","High income"
556,"2026-05-05 14:54:00","Canada: Montreal, Jewish General Hospital","Canada","North America","High income"
557,"2026-05-05 14:56:00","Qatar: Doha, Ambulatory Care Center","Qatar","Middle East & North Africa","High income"
558,"2026-05-05 14:57:00","Australia: sydney, sydney children s hospital","Australia","East Asia & Pacific","High income"
559,"2026-05-05 15:01:00","Turkey: Erzurum, Atatürk University Faculty of Medicine, Research Hospital","Turkey","Europe & Central Asia","Upper middle income"
560,"2026-05-05 15:02:00","Germany: Frankfurt, Frankfurt University Hospital, Goethe University","Germany","Europe & Central Asia","High income"
561,"2026-05-05 15:02:00","Greece: Patras, General Hospital Of Eastern Achaia - Unit Of Aigio","Greece","Europe & Central Asia","High income"
562,"2026-05-05 15:04:00","Italy: Verona, Borgo Roma Hospital, Azienda Ospedaliera Universitaria Integrata di Verona","Italy","Europe & Central Asia","High income"
563,"2026-05-05 15:05:00","Australia: Campbelltown, Campbelltown Hospital","Australia","East Asia & Pacific","High income"
564,"2026-05-05 15:05:00","Finland: kuopio, kuopio university hospital","Finland","Europe & Central Asia","High income"
566,"2026-05-05 15:07:00","Nigeria: Nguru, Federal Medical Centre Nguru","Nigeria","Sub-Saharan Africa","Lower middle income"
567,"2026-05-05 15:07:00","Greece: Athens, Sotiria General Hospital of Thoracic Diseases","Greece","Europe & Central Asia","High income"
568,"2026-05-05 15:08:00","Portugal: Porto, Centro Hospitalar e Universitário de São João","Portugal","Europe & Central Asia","High income"
569,"2026-05-05 15:10:00","United Kingdom: Edinburgh, Royal Infirmary of Edinburgh","United Kingdom","Europe & Central Asia","High income"
570,"2026-05-05 15:11:00","Singapore: Singapore, Ng Teng Fong General Hospital","Singapore","East Asia & Pacific","High income"
571,"2026-05-05 15:11:00","Spain: La Línea, La Linea Universitary Hospital","Spain","Europe & Central Asia","High income"
572,"2026-05-05 15:12:00","Italy: Pisa, Azienda Ospedaliero Universitaria Pisana","Italy","Europe & Central Asia","High income"
573,"2026-05-05 15:13:00","Pakistan: Peshawar, Lady Reading Hospital","Pakistan","South Asia","Lower middle income"
574,"2026-05-05 15:25:00","Turkey: Yalova, Yalova State Hospital","Turkey","Europe & Central Asia","Upper middle income"
575,"2026-05-05 15:26:00","Ethiopia: Injibara, Injibara General Hospital","Ethiopia","Sub-Saharan Africa","Low income"
576,"2026-05-05 15:28:00","Malaysia: Tanjong Karang, Selangor, Hospital Tanjong Karang","Malaysia","East Asia & Pacific","Upper middle income"
577,"2026-05-05 15:28:00","Ethiopia: Addis Ababa, ALERT center","Ethiopia","Sub-Saharan Africa","Low income"
578,"2026-05-05 15:33:00","United Kingdom: London, Croydon University Hospital","United Kingdom","Europe & Central Asia","High income"
579,"2026-05-05 15:34:00","Turkey: Istanbul, Surp Pirgic Armenian Hospital","Turkey","Europe & Central Asia","Upper middle income"
580,"2026-05-05 15:34:00","India: Pune, Command Hospital, Southern Command","India","South Asia","Lower middle income"
581,"2026-05-05 15:35:00","Libya: Tripoli, Aljala Maternity Hospital","Libya","Middle East & North Africa","Upper middle income"
582,"2026-05-05 15:35:00","Spain: Madrid, Hospital Universitario Principe de Asturias","Spain","Europe & Central Asia","High income"
583,"2026-05-05 15:36:00","Sudan: Wad Madani, University of Gezira Hospital","Sudan","Sub-Saharan Africa","Low income"
584,"2026-05-05 15:36:00","Colombia: Bogota, Central military hospital Bogota","Colombia","Latin America & Caribbean","Upper middle income"
585,"2026-05-05 15:40:00","Chile: Santiago, Roberto del Río Children's Hospital","Chile","Latin America & Caribbean","High income"
586,"2026-05-05 15:43:00","Italy: Rome, Fondazione Policlinico Universitario Agostino Gemelli","Italy","Europe & Central Asia","High income"
587,"2026-05-05 15:47:00","Nigeria: Birnin Kebbi, Federal Teaching Hospital Birnin Kebbi","Nigeria","Sub-Saharan Africa","Lower middle income"
588,"2026-05-05 15:50:00","Egypt: Alexandria, Alexandria Main University Hospital","Egypt","Middle East & North Africa","Lower middle income"
589,"2026-05-05 15:51:00","Sweden: Stockholm, Ersta Hospital","Sweden","Europe & Central Asia","High income"
590,"2026-05-05 15:57:00","Pakistan: Lahore, Hameed Latif hospital","Pakistan","South Asia","Lower middle income"
591,"2026-05-05 16:04:00","","Argentina","Latin America & Caribbean","Upper middle income"
592,"2026-05-05 16:06:00","Italy: Messina, AOU 'G. Martino'","Italy","Europe & Central Asia","High income"
593,"2026-05-05 16:07:00","Italy: Messina, AOU 'G. Martino'","Italy","Europe & Central Asia","High income"
594,"2026-05-05 16:08:00","United Kingdom: Southampton, Southampton General Hospital","United Kingdom","Europe & Central Asia","High income"
595,"2026-05-05 16:09:00","India: Bhopal, All India Institute of Medical Sciences Bhopal","India","South Asia","Lower middle income"
596,"2026-05-05 16:09:00","France: Paris, Pitie Salpetriere","France","Europe & Central Asia","High income"
597,"2026-05-05 16:10:00","India: GORAKHPUR, ALL INDIA INSTITUTE OF MEDICAL SCIENCES, KURNAGHAT, GORAKHPUR, UTTAR PRADESH, AIIMS GORAKHPUR","India","South Asia","Lower middle income"
598,"2026-05-05 16:13:00","Yemen, Rep.: Marib, Marib General Hospital","Yemen, Rep.","Middle East & North Africa","Low income"
599,"2026-05-05 16:13:00","India: Chandigarh, Postgraduate Institute of Medical Education & Research","India","South Asia","Lower middle income"
600,"2026-05-05 16:16:00","Yemen, Rep.: Sana'a, Al Sabeen Maternal Hospital","Yemen, Rep.","Middle East & North Africa","Low income"
601,"2026-05-05 16:19:00","Algeria: Bouira, EPH Mohamed Boudiaf","Algeria","Middle East & North Africa","Upper middle income"
602,"2026-05-05 16:16:00","Romania: Iasi, Regional institute of Oncology Iasi","Romania","Europe & Central Asia","High income"
603,"2026-05-05 16:18:00","India: Lucknow, King George's Medical University","India","South Asia","Lower middle income"
604,"2026-05-05 16:18:00","India: Sas Nagar (Mohali), BR Ambedkar State Institute of Medical Sciences Mohali","India","South Asia","Lower middle income"
605,"2026-05-05 16:18:00","United States: Little Rock, University of Arkansas for Medical Sciences","United States","North America","High income"
606,"2026-05-05 16:19:00","Greece: Larissa, General Hospital of Larissa 'Koutlimpaneio and Triantafylleio'","Greece","Europe & Central Asia","High income"
607,"2026-05-05 16:20:00","Ethiopia: Jimma, Jimma University Medical Center","Ethiopia","Sub-Saharan Africa","Low income"
608,"2026-05-05 16:21:00","Ethiopia: Jimma, Jimma University Medical Center","Ethiopia","Sub-Saharan Africa","Low income"
609,"2026-05-05 16:24:00","Malaysia: Ipoh, Hospital Raja Permaisuri Bainun","Malaysia","East Asia & Pacific","Upper middle income"
610,"2026-05-05 16:25:00","Spain: Barcelona, Vall d'Hebron University Hospital","Spain","Europe & Central Asia","High income"
611,"2026-05-05 16:29:00","Romania: Bucharest, Elias Emergency Hospital","Romania","Europe & Central Asia","High income"
612,"2026-05-05 16:29:00","Turkey: Istanbul, Istanbul universty - Cerrahpaşa Medical faculty","Turkey","Europe & Central Asia","Upper middle income"
613,"2026-05-05 16:32:00","Serbia: Belgrade, Clinic for Digestive surgery, University Clinical Center of Serbia, University of Belgrade, Faculty of Medicine","Serbia","Europe & Central Asia","Upper middle income"
614,"2026-05-05 16:32:00","Greece: Neo Faliro, Metropolitan Hospital","Greece","Europe & Central Asia","High income"
615,"2026-05-05 16:33:00","Bulgaria: stara zagora, universtiy hospital prof stoyan kirkovich","Bulgaria","Europe & Central Asia","High income"
616,"2026-05-05 16:34:00","South Africa: Cape Town, Mitchell's Plain District Hospital","South Africa","Sub-Saharan Africa","Upper middle income"
617,"2026-05-05 16:36:00","Sweden: Stockholm, South General Hospital","Sweden","Europe & Central Asia","High income"
618,"2026-05-05 16:39:00","India: Bathinda, All India Institute of Medical Sciences, AIIMS Bathinda","India","South Asia","Lower middle income"
619,"2026-05-05 16:39:00","Greece: Volos, Achillopoyleio General Hospital of Volos","Greece","Europe & Central Asia","High income"
620,"2026-05-05 16:41:00","Tunisia: Tunis, Mongi Slim Lamarsa University Hospital","Tunisia","Middle East & North Africa","Lower middle income"
621,"2026-05-05 16:42:00","Sudan: Atbara, Atbara Teaching Hospital","Sudan","Sub-Saharan Africa","Low income"
622,"2026-05-05 16:43:00","United Kingdom: London, Charing Cross Hospital","United Kingdom","Europe & Central Asia","High income"
623,"2026-05-05 16:46:00","Italy: Conegliano, Ospedale di Conegliano - aulss2 Marca Trevigiana","Italy","Europe & Central Asia","High income"
624,"2026-05-05 16:49:00","Ethiopia: Woldia, Woldia General Hospital","Ethiopia","Sub-Saharan Africa","Low income"
625,"2026-05-05 16:50:00","Ecuador: guayaquil, hospital roberto gilbert","Ecuador","Latin America & Caribbean","Upper middle income"
626,"2026-05-05 16:51:00","Russian Federation: Moscow, City Clinical Hospital 24","Russian Federation","Europe & Central Asia","High income"
627,"2026-05-05 16:53:00","Mexico: Veracruz, Hospital de Alta Especialidad de Veracruz","Mexico","Latin America & Caribbean","Upper middle income"
628,"2026-05-05 16:56:00","Romania: Bucharest, Coltea Clinical Hospital","Romania","Europe & Central Asia","High income"
629,"2026-05-05 16:56:00","Nigeria: Bauchi, Abubakar Tafawa Balewa University Teaching Hospital Bauchi","Nigeria","Sub-Saharan Africa","Lower middle income"
630,"2026-05-05 16:59:00","Italy: Firenze, Azienda Ospedaliera Universitaria Careggi","Italy","Europe & Central Asia","High income"
631,"2026-05-05 16:59:00","Egypt: Alexandria, Alexandria Main University Hospital","Egypt","Middle East & North Africa","Lower middle income"
632,"2026-05-05 17:00:00","Nigeria: Kano, Aminu Kano Teaching Hospital","Nigeria","Sub-Saharan Africa","Lower middle income"
633,"2026-05-05 17:00:00","Spain: Barakaldo, Hospital Universitario Cruces","Spain","Europe & Central Asia","High income"
634,"2026-05-05 17:05:00","Spain: Barcelona, Hospital de la Santa Creu i Sant Pau","Spain","Europe & Central Asia","High income"
635,"2026-05-05 17:17:00","Malaysia: Serdang, Hospital Sultan Abdul Aziz Shah","Malaysia","East Asia & Pacific","Upper middle income"
636,"2026-05-05 17:18:00","Greece: Athens, Naval And Veterans Hospital","Greece","Europe & Central Asia","High income"
637,"2026-05-05 17:29:00","Egypt: Alexandria, Alexandria Main University Hospital","Egypt","Middle East & North Africa","Lower middle income"
638,"2026-05-05 17:30:00","United Kingdom: Warwick, South Warwickshire NHS Foundation Trust","United Kingdom","Europe & Central Asia","High income"
639,"2026-05-05 17:30:00","United Kingdom: Liverpool, Royal Liverpool University Hospital","United Kingdom","Europe & Central Asia","High income"
640,"2026-05-05 17:33:00","Romania: Bucharest, University Emergency Hospital Bucharest","Romania","Europe & Central Asia","High income"
641,"2026-05-05 17:33:00","Greece: Athens, 'Elena Venizelou' General and Maternity hospital of Athens","Greece","Europe & Central Asia","High income"
642,"2026-05-05 17:34:00","Greece: Athens, KAT Athens General Hospital","Greece","Europe & Central Asia","High income"
643,"2026-05-05 17:35:00","Italy: Messina, AOU 'G. Martino'","Italy","Europe & Central Asia","High income"
644,"2026-05-05 17:36:00","Egypt: Alexandria, Alexandria Main University Hospital","Egypt","Middle East & North Africa","Lower middle income"
645,"2026-05-05 17:37:00","Italy: Merate (Lc), San Leopoldo Mandic","Italy","Europe & Central Asia","High income"
646,"2026-05-05 17:37:00","Spain: Madrid, 12 de Octubre University Hospital","Spain","Europe & Central Asia","High income"
647,"2026-05-05 17:40:00","Greece: Thessaloniki, Agios Pavlos General Hospital","Greece","Europe & Central Asia","High income"
648,"2026-05-05 17:42:00","Ecuador: Quito, Hospital Metropolitano","Ecuador","Latin America & Caribbean","Upper middle income"
649,"2026-05-05 17:52:00","Spain: Valencia, Hospital Arnau de Vilanova","Spain","Europe & Central Asia","High income"
650,"2026-05-05 18:04:00","Egypt: Benha, Benha University Hospital","Egypt","Middle East & North Africa","Lower middle income"
651,"2026-05-05 18:05:00","Italy: Catania, University of Catania, Cannizzaro Hospital","Italy","Europe & Central Asia","High income"
652,"2026-05-05 18:05:00","Saudi Arabia: Jeddah, King Abdulaziz University Hospital","Saudi Arabia","Middle East & North Africa","High income"
653,"2026-05-05 18:07:00","Italy: Catania, University of Catania, Cannizzaro Hospital","Italy","Europe & Central Asia","High income"
655,"2026-05-05 18:15:00","Belgium: Ypres, Jan Yperman","Belgium","Europe & Central Asia","High income"
656,"2026-05-05 18:16:00","Turkey: Adana, Moh Adana Kozan State Hospital","Turkey","Europe & Central Asia","Upper middle income"
657,"2026-05-05 18:19:00","Greece: Athens, Naval And Veterans Hospital","Greece","Europe & Central Asia","High income"
658,"2026-05-05 18:23:00","Spain: San Sebastian De Los Reyes, Infanta Sofía University Hospital","Spain","Europe & Central Asia","High income"
659,"2026-05-05 18:24:00","Bulgaria: Sofia, Fifth City Hospital Sofia - 5th MBAL","Bulgaria","Europe & Central Asia","High income"
660,"2026-05-05 18:25:00","Nigeria: Damaturu, Yobe State University Teaching Hospital","Nigeria","Sub-Saharan Africa","Lower middle income"
661,"2026-05-05 18:25:00","Greece: Thessaloniki, George Papanikolaou General Hospital of Thessaloniki","Greece","Europe & Central Asia","High income"
662,"2026-05-05 18:27:00","Nigeria: Ile-Ife, Obafemi Awolowo University Teaching Hospitals Complex","Nigeria","Sub-Saharan Africa","Lower middle income"
663,"2026-05-05 18:28:00","Egypt: Mansoura, Mansoura University Hospital","Egypt","Middle East & North Africa","Lower middle income"
664,"2026-05-05 18:30:00","Bangladesh: mymensingh, mymensingh medical college hospital","Bangladesh","South Asia","Lower middle income"
665,"2026-05-05 18:39:00","Nigeria: Ile-Ife, Obafemi Awolowo University Teaching Hospitals Complex","Nigeria","Sub-Saharan Africa","Lower middle income"
666,"2026-05-05 18:39:00","India: New Delhi, All India Institute of Medical Sciences New Delhi","India","South Asia","Lower middle income"
667,"2026-05-05 18:39:00","Turkey: Trabzon, Karadeniz Technical University Farabi Hospital","Turkey","Europe & Central Asia","Upper middle income"
668,"2026-05-05 18:40:00","Libya: Tripoli, Donia-alfarah","Libya","Middle East & North Africa","Upper middle income"
669,"2026-05-05 18:40:00","Italy: Genoa, IRCCS Ospedale Policlinico San Martino","Italy","Europe & Central Asia","High income"
670,"2026-05-05 18:41:00","Egypt: Qena, Qena University Hospital","Egypt","Middle East & North Africa","Lower middle income"
671,"2026-05-05 18:41:00","Ghana: Tamale, Tamale Teaching Hospital","Ghana","Sub-Saharan Africa","Lower middle income"
672,"2026-05-05 18:42:00","Turkey: Samsun, Samsun University","Turkey","Europe & Central Asia","Upper middle income"
673,"2026-05-05 18:43:00","United Kingdom: Ashford, William Harvey Hospital","United Kingdom","Europe & Central Asia","High income"
674,"2026-05-05 18:47:00","Tunisia: Monastir, University Hospital Fatouma Bourguiba","Tunisia","Middle East & North Africa","Lower middle income"
675,"2026-05-05 18:48:00","Greece: Athens, Hippocratio General Hospital","Greece","Europe & Central Asia","High income"
676,"2026-05-05 18:52:00","Egypt: Benha, Benha University Hospital","Egypt","Middle East & North Africa","Lower middle income"
677,"2026-05-05 18:52:00","Spain: Oviedo, Hospital Universitario Central de Asturias (HUCA)","Spain","Europe & Central Asia","High income"
678,"2026-05-05 18:55:00","Ethiopia: Gondar, Gondar University Comprehensive specialized hospital","Ethiopia","Sub-Saharan Africa","Low income"
679,"2026-05-05 18:57:00","United Kingdom: Birmingham, Queen Elizabeth Hospital Birmingham","United Kingdom","Europe & Central Asia","High income"
680,"2026-05-05 19:03:00","Libya: Zliten, Zliten Teaching Hospital","Libya","Middle East & North Africa","Upper middle income"
681,"2026-05-05 19:05:00","United Kingdom: London, Royal Free Hospital","United Kingdom","Europe & Central Asia","High income"
682,"2026-05-05 19:06:00","Ethiopia: Gondar, Gondar University Comprehensive specialized hospital","Ethiopia","Sub-Saharan Africa","Low income"
683,"2026-05-05 19:06:00","Kazakhstan: almaty, research institute of cardiology and internal diseases","Kazakhstan","Europe & Central Asia","Upper middle income"
684,"2026-05-05 19:07:00","Oman: Muscat, Medical City for Military and Security Services","Oman","Middle East & North Africa","High income"
685,"2026-05-05 19:10:00","Ethiopia: atsbi, mulu assefa primary hospital","Ethiopia","Sub-Saharan Africa","Low income"
686,"2026-05-05 19:11:00","Ethiopia: Gondar, Gondar University Comprehensive specialized hospital","Ethiopia","Sub-Saharan Africa","Low income"
687,"2026-05-05 19:12:00","Italy: Milan, Humanitas San Pio X Hospital","Italy","Europe & Central Asia","High income"
688,"2026-05-05 19:13:00","Palestine: Jenin, West Bank, The Martyr Dr. Khalil Sulaiman Hospital (Jenin Governmental Hospital)","Palestine","Middle East & North Africa","Lower middle income"
689,"2026-05-05 19:15:00","Mexico: Guadalajara, Antiguo Hospital Civil de Guadalajara","Mexico","Latin America & Caribbean","Upper middle income"
690,"2026-05-05 19:17:00","Libya: Benghazi, Benghazi Medical Center","Libya","Middle East & North Africa","Upper middle income"
691,"2026-05-05 19:17:00","United Kingdom: Bedford, Bedford Hospital","United Kingdom","Europe & Central Asia","High income"
692,"2026-05-05 19:27:00","Libya: Benghazi, Benghazi Medical Center","Libya","Middle East & North Africa","Upper middle income"
693,"2026-05-05 19:30:00","Ireland: Waterford, University Hospital Waterford/University College Cork","Ireland","Europe & Central Asia","High income"
694,"2026-05-05 19:33:00","Colombia: Bogota, Fundacion Santa Fe de Bogota","Colombia","Latin America & Caribbean","Upper middle income"
695,"2026-05-05 19:35:00","Ethiopia: Gondar, Gondar University Comprehensive specialized hospital","Ethiopia","Sub-Saharan Africa","Low income"
696,"2026-05-05 19:38:00","Turkey: Ankara, Etlik City Hospital","Turkey","Europe & Central Asia","Upper middle income"
697,"2026-05-05 19:49:00","Libya: Zliten, Zliten Teaching Hospital","Libya","Middle East & North Africa","Upper middle income"
699,"2026-05-05 19:57:00","Palestine: Nablus, West Bank, Rafidia Hospital","Palestine","Middle East & North Africa","Lower middle income"
700,"2026-05-05 19:58:00","Turkey: Ankara, University Of Health Sciences, Gülhane Training and Research Hospital","Turkey","Europe & Central Asia","Upper middle income"
701,"2026-05-05 20:02:00","India: mohri, adesh medical college and hospital","India","South Asia","Lower middle income"
702,"2026-05-05 20:07:00","United Kingdom: London, Evelina London Children's Hospital","United Kingdom","Europe & Central Asia","High income"
703,"2026-05-05 20:10:00","Libya: Benghazi, Benghazi Medical Center","Libya","Middle East & North Africa","Upper middle income"
704,"2026-05-05 20:11:00","Pakistan: lahore, district headquarters teaching hospital narowal","Pakistan","South Asia","Lower middle income"
705,"2026-05-05 20:13:00","Spain: Bilbao, Hospital Universitario de Basurto","Spain","Europe & Central Asia","High income"
706,"2026-05-05 20:15:00","Spain: Alicante, Hospital General Universitario Dr. Balmis","Spain","Europe & Central Asia","High income"
707,"2026-05-05 20:17:00","Turkey: Ankara, Ankara CITY Hospital","Turkey","Europe & Central Asia","Upper middle income"
708,"2026-05-05 20:20:00","Greece: Thessaloniki, George Papanikolaou General Hospital of Thessaloniki","Greece","Europe & Central Asia","High income"
709,"2026-05-05 20:26:00","Nigeria: Zaria, Ahmadu Bello University Teaching Hospital","Nigeria","Sub-Saharan Africa","Lower middle income"
710,"2026-05-05 20:33:00","India: kolkata, netaji subhas medical centre kolkata","India","South Asia","Lower middle income"
711,"2026-05-05 20:35:00","Egypt: Assiut, Assiut University Hospital","Egypt","Middle East & North Africa","Lower middle income"
712,"2026-05-05 20:36:00","Libya: Benghazi, Benghazi Medical Center","Libya","Middle East & North Africa","Upper middle income"
713,"2026-05-05 20:42:00","Greece: Thessaloniki, George Papanikolaou General Hospital of Thessaloniki","Greece","Europe & Central Asia","High income"
714,"2026-05-05 20:47:00","Bosnia and Herzegovina: Tuzla, University Clinical Center Tuzla","",,
715,"2026-05-05 20:47:00","Libya: Benghazi, Benghazi Medical Center","Libya","Middle East & North Africa","Upper middle income"
716,"2026-05-05 20:49:00","Ghana: Tamale, Tamale Teaching Hospital","Ghana","Sub-Saharan Africa","Lower middle income"
717,"2026-05-05 20:56:00","Jordan: Ar Ramtha, King Abdullah University Hospital/ Jordan University of Science and Technology","Jordan","Middle East & North Africa","Lower middle income"
718,"2026-05-05 21:04:00","Turkey: Gaziantep, Abdulkadir Yuksel State Hospital","Turkey","Europe & Central Asia","Upper middle income"
719,"2026-05-05 21:06:00","Morocco: Rabat, Moulay Youssef Rabat","Morocco","Middle East & North Africa","Lower middle income"
720,"2026-05-05 21:07:00","Greece: Thessaloniki, Hippocratio Hospital","Greece","Europe & Central Asia","High income"
721,"2026-05-05 21:15:00","Nigeria: Kano, Aminu Kano Teaching Hospital","Nigeria","Sub-Saharan Africa","Lower middle income"
722,"2026-05-05 21:17:00","Italy: Pisa, Azienda Ospedaliero Universitaria Pisana","Italy","Europe & Central Asia","High income"
723,"2026-05-05 21:20:00","Egypt: Assiut, Banoun Private Hospital","Egypt","Middle East & North Africa","Lower middle income"
724,"2026-05-05 21:33:00","Madagascar: toamasina, chu morafeno","Madagascar","Sub-Saharan Africa","Low income"
725,"2026-05-05 21:34:00","Rwanda: Kigali, Rwanda Military Hospital","Rwanda","Sub-Saharan Africa","Low income"
726,"2026-05-05 21:35:00","Nigeria: Zaria, Ahmadu Bello University Teaching Hospital","Nigeria","Sub-Saharan Africa","Lower middle income"
727,"2026-05-05 21:39:00","Nigeria: Sagamu, Olabisi Onabanjo University Teaching Hospital","Nigeria","Sub-Saharan Africa","Lower middle income"
728,"2026-05-05 21:51:00","Yemen, Rep.: Sana'a, University of Science & Technology Hospital","Yemen, Rep.","Middle East & North Africa","Low income"
729,"2026-05-05 21:55:00","Yemen, Rep.: Sana'a, Martyr Abu Harb Al- Molsi Charitable Hospital","Yemen, Rep.","Middle East & North Africa","Low income"
730,"2026-05-05 21:59:00","Germany: Munich, Klinikum Rechts der Isar TUM School of Medicine","Germany","Europe & Central Asia","High income"
731,"2026-05-05 21:59:00","Turkey: Ankara, Etlik City Hospital","Turkey","Europe & Central Asia","Upper middle income"
732,"2026-05-05 22:01:00","Nigeria: Benin City, University of Benin Teaching Hospital","Nigeria","Sub-Saharan Africa","Lower middle income"
733,"2026-05-05 22:06:00","Turkey: Istanbul, Başakşehir Çam and Sakura City Hospital","Turkey","Europe & Central Asia","Upper middle income"
734,"2026-05-05 22:08:00","Turkey: Van, University of Health Science Van Training and Research Hospital","Turkey","Europe & Central Asia","Upper middle income"
735,"2026-05-05 22:14:00","Nigeria: Ibadan, University College Hospital","Nigeria","Sub-Saharan Africa","Lower middle income"
736,"2026-05-05 22:17:00","Greece: Athens, Attikon University General Hospital","Greece","Europe & Central Asia","High income"
737,"2026-05-05 22:18:00","Italy: Milan, Humanitas Research Hospital","Italy","Europe & Central Asia","High income"
738,"2026-05-05 22:21:00","Australia: Melbourne, Northern Hospital","Australia","East Asia & Pacific","High income"
739,"2026-05-05 22:27:00","Yemen, Rep.: Sana'a, Republican ( Al-gumhori) Teaching Hospital","Yemen, Rep.","Middle East & North Africa","Low income"
740,"2026-05-05 22:36:00","Croatia: Zagreb, Children's Hospital Zagreb","Croatia","Europe & Central Asia","High income"
741,"2026-05-05 22:37:00","United Kingdom: Aylesbury, Stoke Mandeville, Wycombe General","United Kingdom","Europe & Central Asia","High income"
742,"2026-05-05 22:39:00","New Zealand: Christchurch, Christchurch Hospital","New Zealand","East Asia & Pacific","High income"
743,"2026-05-05 22:42:00","Italy: Olbia, Mater Olbia Hospital","Italy","Europe & Central Asia","High income"
744,"2026-05-05 22:42:00","Nigeria: Ido Ekiti, Federal Teaching Hospital, Ido Ekiti","Nigeria","Sub-Saharan Africa","Lower middle income"
745,"2026-05-05 22:45:00","Nigeria: Enugu, university of Nigeria teaching hospital ituku ozalla Enugu","Nigeria","Sub-Saharan Africa","Lower middle income"
746,"2026-05-05 22:51:00","United States: Knoxville, University of Tennessee Medical Center","United States","North America","High income"
747,"2026-05-05 23:08:00","Turkey: istanbul, prof dr cemil tascioglu city hospital","Turkey","Europe & Central Asia","Upper middle income"
748,"2026-05-05 23:12:00","Australia: Melbourne, Monash Childrens Hospital","Australia","East Asia & Pacific","High income"
749,"2026-05-05 23:14:00","Malaysia: Sabah, Queen Elizabeth Hospital, Kota Kinabalu","Malaysia","East Asia & Pacific","Upper middle income"
750,"2026-05-05 23:15:00","Fiji: LABASA, LABASA HOSPITAL","Fiji","East Asia & Pacific","Upper middle income"
751,"2026-05-05 23:22:00","Iraq: Erbil, Rojhalat emergency hospital","Iraq","Middle East & North Africa","Upper middle income"
752,"2026-05-05 23:30:00","Yemen, Rep.: Sana'a, Yemeni Egyptian Hospital","Yemen, Rep.","Middle East & North Africa","Low income"
753,"2026-05-05 23:39:00","United States: Charleston, Medical University of South Carolina","United States","North America","High income"
754,"2026-05-05 23:41:00","Portugal: Horta, Hospital da Horta, E.P.E.","Portugal","Europe & Central Asia","High income"
755,"2026-05-05 23:46:00","Egypt: Cairo, Kasr Alainy Hospital, Faculty of Medicine, Cairo University","Egypt","Middle East & North Africa","Lower middle income"
756,"2026-05-05 23:47:00","Nigeria: Kano, Aminu Kano Teaching Hospital","Nigeria","Sub-Saharan Africa","Lower middle income"
757,"2026-05-05 23:56:00","Philippines: Manila, Philippine General Hospital, University Of The Philippines Manila","Philippines","East Asia & Pacific","Lower middle income"
758,"2026-05-06 00:02:00","Nigeria: Bauchi, Abubakar Tafawa Balewa University Teaching Hospital Bauchi","Nigeria","Sub-Saharan Africa","Lower middle income"
759,"2026-05-06 00:10:00","Australia: Armidale, Armidale Rural Referral Hospital","Australia","East Asia & Pacific","High income"
760,"2026-05-06 00:16:00","Argentina: Cordoba, Sanatorio Allende - Sede Nueva Cordoba","Argentina","Latin America & Caribbean","Upper middle income"
761,"2026-05-06 01:06:00","Yemen, Rep.: Taiz, The Republican (Al Gomhouri) General & Teaching Hospital","Yemen, Rep.","Middle East & North Africa","Low income"
762,"2026-05-06 01:07:00","Italy: Cagliari, Cagliari University Hospital","Italy","Europe & Central Asia","High income"
763,"2026-05-06 01:26:00","Australia: Melbourne, Royal Children's Hospital","Australia","East Asia & Pacific","High income"
764,"2026-05-06 01:39:00","Malaysia: Kuala Lumpur, University Malaya Medical Centre","Malaysia","East Asia & Pacific","Upper middle income"
765,"2026-05-06 01:51:00","Yemen, Rep.: Dhamar, Alwehda University Educational Hospital","Yemen, Rep.","Middle East & North Africa","Low income"
766,"2026-05-06 02:00:00","Libya: Tripoli, AlKhadra General Hospital","Libya","Middle East & North Africa","Upper middle income"
767,"2026-05-06 02:17:00","Philippines: Mountain Province, Luis Hora Memorial Regional Hospital","Philippines","East Asia & Pacific","Lower middle income"
768,"2026-05-06 02:17:00","Malaysia: Kelantan, Hospital Universiti Sains Malaysia","Malaysia","East Asia & Pacific","Upper middle income"
769,"2026-05-06 02:42:00","Sri Lanka: Ragama, North Colombo University Of Kelaniya","Sri Lanka","South Asia","Lower middle income"
770,"2026-05-06 03:22:00","Rwanda: Musanze, Ruhengeri Referral Hospital","Rwanda","Sub-Saharan Africa","Low income"
771,"2026-05-06 03:50:00","Brazil: Uberlandia, Federal University of Uberlandia","Brazil","Latin America & Caribbean","Upper middle income"
772,"2026-05-06 03:57:00","Jordan: Amman, Ibn Al-haytham Hospital","Jordan","Middle East & North Africa","Lower middle income"
773,"2026-05-06 04:10:00","United Kingdom: Dumfries, Dumfries and Galloway Royal Infirmary","United Kingdom","Europe & Central Asia","High income"
774,"2026-05-06 04:26:00","Singapore: Singapore, National University Hospital","Singapore","East Asia & Pacific","High income"
775,"2026-05-06 04:29:00","Pakistan: Lahore, University of Lahore Teaching Hospital","Pakistan","South Asia","Lower middle income"
776,"2026-05-06 04:39:00","Bangladesh: mymensingh, mymensingh medical college hospital","Bangladesh","South Asia","Lower middle income"
777,"2026-05-06 04:40:00","Yemen, Rep.: Ibb, AL-NASR Hospital","Yemen, Rep.","Middle East & North Africa","Low income"
778,"2026-05-06 04:58:00","Colombia: Bogotá, Hospital San Ignacio","Colombia","Latin America & Caribbean","Upper middle income"
779,"2026-05-06 05:14:00","Turkey: Istanbul, Istanbul Medeniyet University, School of Medicine","Turkey","Europe & Central Asia","Upper middle income"
780,"2026-05-06 05:18:00","Nepal: Bharatpur, Chitwan, Nepal, Bharatpur Hospital","Nepal","South Asia","Lower middle income"
782,"2026-05-06 05:38:00","Italy: Potenza, Azienda Ospedaliera Regionale 'San Carlo'","Italy","Europe & Central Asia","High income"
783,"2026-05-06 05:41:00","Australia: Melbourne, Monash Medical Center","Australia","East Asia & Pacific","High income"
784,"2026-05-06 05:48:00","Nigeria: Katsina, Turai Umar Yaradua Maternal and Children Hospital Katsina","Nigeria","Sub-Saharan Africa","Lower middle income"
785,"2026-05-06 06:03:00","Mexico: Querétaro, Hospital de especialidades del niño y la mujer","Mexico","Latin America & Caribbean","Upper middle income"
786,"2026-05-06 06:10:00","Spain: Cadiz, University Hospital of Puerto Real","Spain","Europe & Central Asia","High income"
787,"2026-05-06 06:53:00","New Zealand: Whangarei, Whangarei Hospital","New Zealand","East Asia & Pacific","High income"
788,"2026-05-06 06:54:00","Saudi Arabia: Jeddah, King Abdulaziz University Hospital","Saudi Arabia","Middle East & North Africa","High income"
789,"2026-05-06 06:56:00","Nigeria: Enugu, university of Nigeria teaching hospital ituku ozalla Enugu","Nigeria","Sub-Saharan Africa","Lower middle income"
790,"2026-05-06 06:56:00","Singapore: Singapore, National University Hospital","Singapore","East Asia & Pacific","High income"
791,"2026-05-06 07:03:00","Sri Lanka: Anuradhapura, Teaching Hospital Anuradhapura","Sri Lanka","South Asia","Lower middle income"
792,"2026-05-06 07:08:00","Turkey: Ankara, Ankara CITY Hospital","Turkey","Europe & Central Asia","Upper middle income"
794,"2026-05-06 07:14:00","Spain: Alicante, Hospital General Universitario Dr. Balmis","Spain","Europe & Central Asia","High income"
795,"2026-05-06 07:15:00","Turkey: Ankara, University Of Health Sciences, Ankara Training And Research Hospital","Turkey","Europe & Central Asia","Upper middle income"
796,"2026-05-06 07:22:00","Italy: Naples, Istituto Nazionale Tumori Fondazione, Pascale-I.R.C.C.S.","Italy","Europe & Central Asia","High income"
797,"2026-05-06 07:22:00","Bosnia and Herzegovina: Mostar, SKB University Clinical Hospital Mostar","",,
798,"2026-05-06 07:36:00","Italy: villafranca di verona, ospedale di villafranca","Italy","Europe & Central Asia","High income"
799,"2026-05-06 07:37:00","Bangladesh: Chattogram, Chittagong Medical College Hospital","Bangladesh","South Asia","Lower middle income"
800,"2026-05-06 07:44:00","Australia: Gosford, Gosford Hospital","Australia","East Asia & Pacific","High income"
801,"2026-05-06 07:45:00","Uganda: Hoima, Hoima regional referral hospital","Uganda","Sub-Saharan Africa","Low income"
802,"2026-05-06 07:46:00","Greece: Thessaloniki, Hippocratio Hospital","Greece","Europe & Central Asia","High income"
803,"2026-05-06 07:52:00","Jordan: Amman, Al-Basheer Hospital","Jordan","Middle East & North Africa","Lower middle income"
804,"2026-05-06 07:53:00","Jordan: Amman, Al-Basheer Hospital","Jordan","Middle East & North Africa","Lower middle income"
805,"2026-05-06 07:55:00","Libya: Tripoli, Metiga Hospital","Libya","Middle East & North Africa","Upper middle income"
806,"2026-05-06 08:01:00","Ethiopia: Addis Ababa, Myungsung Christian Medical Centre","Ethiopia","Sub-Saharan Africa","Low income"
807,"2026-05-06 08:11:00","Croatia: Zagreb, University Hospital Centre Zagreb","Croatia","Europe & Central Asia","High income"
808,"2026-05-06 08:27:00","Nigeria: Ido Ekiti, Federal Teaching Hospital, Ido Ekiti","Nigeria","Sub-Saharan Africa","Lower middle income"
809,"2026-05-06 08:32:00","Burkina Faso: Ouagadougou, Tengandogo University Hospital","Burkina Faso","Sub-Saharan Africa","Low income"
810,"2026-05-06 08:35:00","Turkey: Istanbul, Marmara University, School of Medicine","Turkey","Europe & Central Asia","Upper middle income"
811,"2026-05-06 08:36:00","Slovak Republic: Bratislava, University Hospital Bratislava","Slovak Republic","Europe & Central Asia","High income"
812,"2026-05-06 08:44:00","Tunisia: Tunis, La Rabta Hospital, General Surgery Department A","Tunisia","Middle East & North Africa","Lower middle income"
813,"2026-05-06 08:50:00","Italy: Trieste, Cattinara University Hospital","Italy","Europe & Central Asia","High income"
814,"2026-05-06 08:53:00","Nigeria: Gombe, Federal Teaching Hospital, Gombe","Nigeria","Sub-Saharan Africa","Lower middle income"
815,"2026-05-06 08:54:00","Turkey: Ankara, University Of Health Sciences, Gülhane Training and Research Hospital","Turkey","Europe & Central Asia","Upper middle income"
816,"2026-05-06 09:00:00","Benin: Save, HZ Save Ouesse","Benin","Sub-Saharan Africa","Lower middle income"
817,"2026-05-06 09:04:00","Italy: Brescia, ASST Spedali Civili, Ospedale di Brescia","Italy","Europe & Central Asia","High income"
818,"2026-05-06 09:07:00","Germany: Cologne, Cologne-Merheim Medical Center (CMMC), Witten / Herdecke University","Germany","Europe & Central Asia","High income"
819,"2026-05-06 09:09:00","Albania: Tirana, Universitary Hospital Center ' Mother Theresa' Tiranea","Albania","Europe & Central Asia","Upper middle income"
820,"2026-05-06 09:12:00","Nigeria: Ibadan, University College Hospital","Nigeria","Sub-Saharan Africa","Lower middle income"
821,"2026-05-06 09:54:00","Turkey: Sakarya, Sakarya University Training and Research Hospital","Turkey","Europe & Central Asia","Upper middle income"
822,"2026-05-06 09:55:00","Russian Federation: Samara, Hospital Surgery Clinic of Samara State Medical University","Russian Federation","Europe & Central Asia","High income"
823,"2026-05-06 10:02:00","Italy: Reggio Emilia, Arcispedale Santa Maria Nuova, AUSL-IRCCS","Italy","Europe & Central Asia","High income"
824,"2026-05-06 10:02:00","Turkey: Istanbul, Bagcilar Research And Training Hospital","Turkey","Europe & Central Asia","Upper middle income"
825,"2026-05-06 10:06:00","Germany: berlin, saint hedwig hospital alexianer","Germany","Europe & Central Asia","High income"
826,"2026-05-06 10:20:00","Italy: Modica, Ospedale Maggiore","Italy","Europe & Central Asia","High income"
827,"2026-05-06 10:22:00","India: Mangalore, Karnataka, Father Muller Medical College","India","South Asia","Lower middle income"
828,"2026-05-06 10:27:00","Turkey: giresun, giresun training and research hospital","Turkey","Europe & Central Asia","Upper middle income"
829,"2026-05-06 10:35:00","Benin: Save, HZ Save Ouesse","Benin","Sub-Saharan Africa","Lower middle income"
830,"2026-05-06 11:00:00","Nigeria: Ilorin, University of Ilorin Teaching Hospital","Nigeria","Sub-Saharan Africa","Lower middle income"
831,"2026-05-06 11:03:00","Libya: Tobruk, Tobruk Medical Center","Libya","Middle East & North Africa","Upper middle income"
832,"2026-05-06 11:05:00","Sri Lanka: Kurunegala, University Surgical Unit, Teaching Hospital Kurunegala, Wayamba University, Sri Lanka.","Sri Lanka","South Asia","Lower middle income"
833,"2026-05-06 11:07:00","Libya: Benghazi, Benghazi Medical Center","Libya","Middle East & North Africa","Upper middle income"
834,"2026-05-06 11:09:00","Albania: Diber, Regional Hospital Diber","Albania","Europe & Central Asia","Upper middle income"
835,"2026-05-06 11:11:00","Italy: Magenta, Ospedale 'G.Fornaroli', ASST-OVEST Milanese","Italy","Europe & Central Asia","High income"
836,"2026-05-06 11:17:00","United Kingdom: London, Croydon University Hospital","United Kingdom","Europe & Central Asia","High income"
837,"2026-05-06 11:24:00","Mozambique: Maputo, Maputo Central Hospital","Mozambique","Sub-Saharan Africa","Low income"
838,"2026-05-06 11:28:00","Jordan: amman, saudi hospital","Jordan","Middle East & North Africa","Lower middle income"
839,"2026-05-06 11:41:00","Australia: Melbourne, Monash Childrens Hospital","Australia","East Asia & Pacific","High income"
840,"2026-05-06 11:46:00","Libya: Tobruk, Tobruk Medical Center","Libya","Middle East & North Africa","Upper middle income"
841,"2026-05-06 11:47:00","Australia: Darwin, Royal Darwin Hospital","Australia","East Asia & Pacific","High income"
842,"2026-05-06 11:51:00","Italy: Chiari, Ospedale di Chiari - ASST Franciacorta","Italy","Europe & Central Asia","High income"
843,"2026-05-06 12:21:00","India: West Bengal, All India Instititute of Medical Sciences Kalyani","India","South Asia","Lower middle income"
844,"2026-05-06 12:45:00","Australia: Ballarat, Ballarat Base Hospital","Australia","East Asia & Pacific","High income"
845,"2026-05-06 12:47:00","Nigeria: Zaria, Ahmadu Bello University Teaching Hospital","Nigeria","Sub-Saharan Africa","Lower middle income"
846,"2026-05-06 12:50:00","United Kingdom: Macclesfield, Macclesfield District General Hospital","United Kingdom","Europe & Central Asia","High income"
847,"2026-05-06 12:55:00","Switzerland: Lugano, EOC Ospedale Regionale di Lugano - Civico","Switzerland","Europe & Central Asia","High income"
848,"2026-05-06 13:11:00","Netherlands: hoorn, dijklander hospital","Netherlands","Europe & Central Asia","High income"
849,"2026-05-06 13:33:00","Nigeria: Bauchi, Abubakar Tafawa Balewa University Teaching Hospital Bauchi","Nigeria","Sub-Saharan Africa","Lower middle income"
850,"2026-05-06 13:33:00","United Kingdom: Isleworth, West Middlesex University Hospital","United Kingdom","Europe & Central Asia","High income"
851,"2026-05-06 13:36:00","Portugal: Porto, Centro Hospitalar e Universitário de São João","Portugal","Europe & Central Asia","High income"
852,"2026-05-06 13:43:00","Italy: Tradate, Lombardy, Galmarini Hospital","Italy","Europe & Central Asia","High income"
853,"2026-05-06 13:45:00","United Kingdom: Exeter, Royal Devon and Exeter Hospital","United Kingdom","Europe & Central Asia","High income"
854,"2026-05-06 13:56:00","United Kingdom: London, Charing Cross Hospital","United Kingdom","Europe & Central Asia","High income"
855,"2026-05-06 13:56:00","Pakistan: Karachi, Patel Hospital","Pakistan","South Asia","Lower middle income"
856,"2026-05-06 13:57:00","Poland: Łódź, Copernicus Memorial Hospital","Poland","Europe & Central Asia","High income"
857,"2026-05-06 13:57:00","United Kingdom: London, Royal Free Hospital","United Kingdom","Europe & Central Asia","High income"
858,"2026-05-06 13:59:00","Sierra Leone: Kono, Koidu Government Hospital","Sierra Leone","Sub-Saharan Africa","Low income"
859,"2026-05-06 14:10:00","Egypt: Giza, sheikh zayed specialized hospital","Egypt","Middle East & North Africa","Lower middle income"
860,"2026-05-06 14:15:00","Ethiopia: Addis Ababa, Saint Paul Hospital Millennium Medical College","Ethiopia","Sub-Saharan Africa","Low income"
861,"2026-05-06 14:14:00","Nepal: lalitpur, patan academy of health sciences","Nepal","South Asia","Lower middle income"
862,"2026-05-06 14:25:00","Brazil: São Paulo, Hospital do Servidor Público Estadual - Francisco Morato de Oliveira","Brazil","Latin America & Caribbean","Upper middle income"
863,"2026-05-06 14:32:00","Peru: Lima, Hospital Central Luis N. Saenz PNP","Peru","Latin America & Caribbean","Upper middle income"
864,"2026-05-06 14:35:00","Jordan: Amman, Jordan University Hospital","Jordan","Middle East & North Africa","Lower middle income"
865,"2026-05-06 14:43:00","Pakistan: Peshawar, Lady Reading Hospital","Pakistan","South Asia","Lower middle income"
866,"2026-05-06 14:45:00","Bangladesh: cumilla, comilla medical college hospital","Bangladesh","South Asia","Lower middle income"
867,"2026-05-06 14:49:00","Italy: Modena, Azienda Ospedaliera Universitaria Policlinico Di Modena- Unità Operativa Di Chirurgia Generale D'urgenza Ed Oncologica","Italy","Europe & Central Asia","High income"
868,"2026-05-06 14:50:00","Nigeria: Bauchi, Abubakar Tafawa Balewa University Teaching Hospital Bauchi","Nigeria","Sub-Saharan Africa","Lower middle income"
869,"2026-05-06 15:01:00","United Kingdom: London, North Middlesex University Hospital","United Kingdom","Europe & Central Asia","High income"
870,"2026-05-06 15:07:00","Syrian Arab Republic: Aleppo, Martini Hospital","Syrian Arab Republic","Middle East & North Africa","Low income"
871,"2026-05-06 15:17:00","South Africa: Cape Town, New Somerset Hospital","South Africa","Sub-Saharan Africa","Upper middle income"
872,"2026-05-06 15:27:00","Portugal: Beja, Unidade Local de Saude do Baixo Alentejo","Portugal","Europe & Central Asia","High income"
873,"2026-05-06 15:29:00","Italy: Verbania, Castelli","Italy","Europe & Central Asia","High income"
874,"2026-05-06 15:37:00","Nigeria: Osogbo, UNIOSUN Teaching Hospital","Nigeria","Sub-Saharan Africa","Lower middle income"
875,"2026-05-06 15:40:00","Sweden: Stockholm, Karolinska University Hospital","Sweden","Europe & Central Asia","High income"
877,"2026-05-06 15:49:00","Mexico: Monterrey, Hospital General De Zona No 17","Mexico","Latin America & Caribbean","Upper middle income"
878,"2026-05-06 15:55:00","United Kingdom: Derby, Royal Derby Hospital","United Kingdom","Europe & Central Asia","High income"
879,"2026-05-06 15:55:00","Pakistan: Islamabad, The Pakistan Institute of Medical Sciences","Pakistan","South Asia","Lower middle income"
880,"2026-05-06 15:56:00","Mexico: monterrey, hospital de traumatologia y ortopedia no 21","Mexico","Latin America & Caribbean","Upper middle income"
881,"2026-05-06 15:58:00","Mexico: Monterrey, Hospital Universitario Dr José Eleuterio González","Mexico","Latin America & Caribbean","Upper middle income"
882,"2026-05-06 15:58:00","Mexico: Pachuca, Sociedad Española de Beneficencia","Mexico","Latin America & Caribbean","Upper middle income"
883,"2026-05-06 16:06:00","Palestine: Gaza, Nasser Hospital","Palestine","Middle East & North Africa","Lower middle income"
884,"2026-05-06 16:06:00","United States: Syracuse, SUNY Upstate University Hospital","United States","North America","High income"
885,"2026-05-06 16:08:00","Sri Lanka: Colombo, Lady Ridgeway Hospital for Children","Sri Lanka","South Asia","Lower middle income"
886,"2026-05-06 16:37:00","Nigeria: Gombe, Federal Teaching Hospital, Gombe","Nigeria","Sub-Saharan Africa","Lower middle income"
887,"2026-05-06 16:55:00","Pakistan: Karachi, Karachi Medical and Dental College, Abbasi Shaheed Hospital","Pakistan","South Asia","Lower middle income"
888,"2026-05-06 17:30:00","United Kingdom: London, Homerton University Hospital","United Kingdom","Europe & Central Asia","High income"
889,"2026-05-06 17:38:00","Saudi Arabia: Riyadh, King Saud Medical City","Saudi Arabia","Middle East & North Africa","High income"
890,"2026-05-06 17:47:00","Yemen, Rep.: Sana'a, AL- QODS MILITARY HOSPITAL","Yemen, Rep.","Middle East & North Africa","Low income"
891,"2026-05-06 17:53:00","India: Dehradun, Synergy Institute of Medical Sciences","India","South Asia","Lower middle income"
892,"2026-05-06 17:54:00","Pakistan: Peshawar, Hayatabad Medical Complex","Pakistan","South Asia","Lower middle income"
893,"2026-05-06 17:58:00","Pakistan: Lahore Pakistan, Mayo hospital","Pakistan","South Asia","Lower middle income"
894,"2026-05-06 18:21:00","Poland: Gdansk, Szpital im. M. Kopernika / Copernicus Hospital","Poland","Europe & Central Asia","High income"
895,"2026-05-06 18:30:00","Greece: Thessaloniki, G. Gennimatas Thessaloniki General Hospital","Greece","Europe & Central Asia","High income"
896,"2026-05-06 18:30:00","Tunisia: Tunis, Mongi Slim Lamarsa University Hospital","Tunisia","Middle East & North Africa","Lower middle income"
897,"2026-05-06 18:32:00","Ethiopia: Hossana, Wachemo University Nigist Elleni Mohammed Memorial Referral Hospital","Ethiopia","Sub-Saharan Africa","Low income"
898,"2026-05-06 18:40:00","Mexico: Mexico City, Hospital De Especialidades, Centro Medico Nacional Siglo Xxi","Mexico","Latin America & Caribbean","Upper middle income"
899,"2026-05-06 18:48:00","Yemen, Rep.: Sana'a, Al-Kuwait University Hospital","Yemen, Rep.","Middle East & North Africa","Low income"
900,"2026-05-06 18:51:00","Bulgaria: Stara Zagora, Trakia Hospital","Bulgaria","Europe & Central Asia","High income"
901,"2026-05-06 19:02:00","Pakistan: Lahore, Doctor Medical Center","Pakistan","South Asia","Lower middle income"
902,"2026-05-06 19:21:00","India: Bangalore, Karnataka, St John's Medical College","India","South Asia","Lower middle income"
903,"2026-05-06 19:30:00","Yemen, Rep.: Sana'a, Al-Kuwait University Hospital","Yemen, Rep.","Middle East & North Africa","Low income"
904,"2026-05-06 19:32:00","United Kingdom: Scunthorpe, Scunthorpe General Hospital","United Kingdom","Europe & Central Asia","High income"
905,"2026-05-06 19:34:00","United Kingdom: Inverness, Raigmore Hospital Inverness","United Kingdom","Europe & Central Asia","High income"
906,"2026-05-06 19:38:00","United Kingdom: Slough, Frimley Health NHS FT - Wexham Park","United Kingdom","Europe & Central Asia","High income"
907,"2026-05-06 19:52:00","United Kingdom: Slough, Frimley Health NHS FT - Wexham Park","United Kingdom","Europe & Central Asia","High income"
908,"2026-05-06 19:54:00","United Kingdom: Slough, Frimley Health NHS FT - Wexham Park","United Kingdom","Europe & Central Asia","High income"
909,"2026-05-06 19:56:00","United Kingdom: Slough, Frimley Health NHS FT - Wexham Park","United Kingdom","Europe & Central Asia","High income"
910,"2026-05-06 19:58:00","United Kingdom: Slough, Frimley Health NHS FT - Wexham Park","United Kingdom","Europe & Central Asia","High income"
911,"2026-05-06 20:30:00","Dominican Republic: Santo Domingo, CEDIMAT - Centro de Diagnóstico, Medicina Avanzada, Laboratorio y Telemedicina","Dominican Republic","Latin America & Caribbean","Upper middle income"
912,"2026-05-06 20:39:00","Egypt: Alexandria, Alexandria Main University Hospital","Egypt","Middle East & North Africa","Lower middle income"
913,"2026-05-06 20:44:00","Yemen, Rep.: Sana'a, Al-Kuwait University Hospital","Yemen, Rep.","Middle East & North Africa","Low income"
914,"2026-05-06 20:48:00","Mexico: Ciudad De México, Hospital Juárez de México","Mexico","Latin America & Caribbean","Upper middle income"
915,"2026-05-06 20:54:00","Italy: Monza, IRCCS San Gerardo","Italy","Europe & Central Asia","High income"
916,"2026-05-06 20:57:00","Iraq: Baghdad, Baghdad Medical City","Iraq","Middle East & North Africa","Upper middle income"
917,"2026-05-06 21:02:00","Libya: Benghazi, Benghazi Medical Center","Libya","Middle East & North Africa","Upper middle income"
918,"2026-05-06 21:02:00","Libya: Benghazi, Benghazi Medical Center","Libya","Middle East & North Africa","Upper middle income"
919,"2026-05-06 21:03:00","Egypt: Alexandria, Alexandria Main University Hospital","Egypt","Middle East & North Africa","Lower middle income"
920,"2026-05-06 21:16:00","Poland: Częstochowa, Regional Specialist Hospital","Poland","Europe & Central Asia","High income"
921,"2026-05-06 21:21:00","Libya: Benghazi, Benghazi Medical Center","Libya","Middle East & North Africa","Upper middle income"
922,"2026-05-06 21:31:00","Yemen, Rep.: Sana'a , Yemen, United Specialized Hospital","Yemen, Rep.","Middle East & North Africa","Low income"
923,"2026-05-06 21:32:00","Italy: Bolzano, Bolzano Central Hospital","Italy","Europe & Central Asia","High income"
924,"2026-05-06 21:34:00","Libya: Tripoli, Tripoli Central Hospital","Libya","Middle East & North Africa","Upper middle income"
925,"2026-05-06 21:43:00","Romania: Cluj Napoca, County Emergency Clinical Hospital Cluj Napoca, First Surgery Department","Romania","Europe & Central Asia","High income"
926,"2026-05-06 22:03:00","Ethiopia: Gondar, Gondar University Comprehensive specialized hospital","Ethiopia","Sub-Saharan Africa","Low income"
927,"2026-05-06 22:04:00","Denmark: Aalborg, Aalborg University Hospital","Denmark","Europe & Central Asia","High income"
928,"2026-05-06 22:42:00","Yemen, Rep.: Sana'a, Al -Kuwait Teaching Hospital","Yemen, Rep.","Middle East & North Africa","Low income"
929,"2026-05-06 22:17:00","Yemen, Rep.: Sana'a, Al-Kuwait University Hospital","Yemen, Rep.","Middle East & North Africa","Low income"
930,"2026-05-06 23:04:00","United Kingdom: Chelmsford, Broomfield Hospital","United Kingdom","Europe & Central Asia","High income"
931,"2026-05-06 23:11:00","Jordan: irbid, princess rahma teaching hospital","Jordan","Middle East & North Africa","Lower middle income"
932,"2026-05-06 23:15:00","Australia: Melbourne, Monash Childrens Hospital","Australia","East Asia & Pacific","High income"
933,"2026-05-06 23:17:00","Yemen, Rep.: Amran, President Martyr Al-Sammad Hospital Authority","Yemen, Rep.","Middle East & North Africa","Low income"
934,"2026-05-06 23:21:00","Benin: Porto Novo, Centre Hospitalier Universitaire et Departemental Oueme Plateau","Benin","Sub-Saharan Africa","Lower middle income"
935,"2026-05-06 23:50:00","Yemen, Rep.: Sana'a, Al-Kuwait University Hospital","Yemen, Rep.","Middle East & North Africa","Low income"
936,"2026-05-07 00:05:00","United States: Falls Church, Va, Inova Fairfax Medical Center","United States","North America","High income"
937,"2026-05-07 00:37:00","Argentina: Cordoba, Sanatorio Allende - Sede Nueva Cordoba","Argentina","Latin America & Caribbean","Upper middle income"
938,"2026-05-07 00:40:00","United Kingdom: Cambridge, Addenbrooke's Hospital","United Kingdom","Europe & Central Asia","High income"
939,"2026-05-07 01:46:00","Australia: Newcastle, John Hunter Hospital","Australia","East Asia & Pacific","High income"
940,"2026-05-07 03:22:00","Malaysia: Kelantan, Hospital Universiti Sains Malaysia","Malaysia","East Asia & Pacific","Upper middle income"
941,"2026-05-07 03:40:00","Australia: Wagga Wagga, Wagga Wagga Base Hospital","Australia","East Asia & Pacific","High income"
942,"2026-05-07 04:52:00","Nigeria: Ado-Ekiti, Ekiti State University Teaching Hospital","Nigeria","Sub-Saharan Africa","Lower middle income"
943,"2026-05-07 04:57:00","Philippines: Manila, Philippine General Hospital, University Of The Philippines Manila","Philippines","East Asia & Pacific","Lower middle income"
944,"2026-05-07 05:02:00","Mexico: León, Hospital Regional Issste León","Mexico","Latin America & Caribbean","Upper middle income"
945,"2026-05-07 05:03:00","Mexico: Mexico City, Instituto Nacional de Ciencias Médicas y Nutrición 'Salvador Zubirán'","Mexico","Latin America & Caribbean","Upper middle income"
946,"2026-05-07 05:24:00","Ecuador: Quito, Hospital Carlos Andrade Marín","Ecuador","Latin America & Caribbean","Upper middle income"
947,"2026-05-07 06:41:00","Greece: Amfissa, General Hospital of Amfissa","Greece","Europe & Central Asia","High income"
948,"2026-05-07 06:54:00","Australia: Tamworth, Tamworth Base Hospital","Australia","East Asia & Pacific","High income"
949,"2026-05-07 06:58:00","Italy: Ancona, University Hospital Umberto","Italy","Europe & Central Asia","High income"
950,"2026-05-07 07:04:00","Ghana: Cape-Coast, Cape Coast Teaching Hosital","Ghana","Sub-Saharan Africa","Lower middle income"
951,"2026-05-07 07:10:00","Ghana: Mampong Akwapim, Tetteh Quarshie Memorial Hospital","Ghana","Sub-Saharan Africa","Lower middle income"
952,"2026-05-07 07:40:00","Jordan: Amman, Al-Basheer Hospital","Jordan","Middle East & North Africa","Lower middle income"
953,"2026-05-07 07:56:00","Egypt: Alexandria, Alexandria Main University Hospital","Egypt","Middle East & North Africa","Lower middle income"
954,"2026-05-07 08:24:00","Egypt: Alexandria, Alexandria Main University Hospital","Egypt","Middle East & North Africa","Lower middle income"
955,"2026-05-07 08:31:00","Bulgaria: Sofia, University Hospital Alexandrovska","Bulgaria","Europe & Central Asia","High income"
956,"2026-05-07 08:45:00","Tunisia: Jendouba, Hopital Regional De Jendouba","Tunisia","Middle East & North Africa","Lower middle income"
957,"2026-05-07 09:15:00","Egypt: Mansoura, Mansoura University Hospital","Egypt","Middle East & North Africa","Lower middle income"
958,"2026-05-07 09:25:00","United Kingdom: Llantrisant, Royal Glamorgan Hospital","United Kingdom","Europe & Central Asia","High income"
959,"2026-05-07 09:34:00","United Kingdom: Swansea, Morriston Hospital Swansea","United Kingdom","Europe & Central Asia","High income"
960,"2026-05-07 09:39:00","Pakistan: Lahore, Shalamar Institute of Health Sciences","Pakistan","South Asia","Lower middle income"
961,"2026-05-07 10:12:00","United Kingdom: Sutton-In-Ashfield, Kings Mill Hospital","United Kingdom","Europe & Central Asia","High income"
962,"2026-05-07 10:15:00","Egypt: Cairo, Al Zahraa University Hospital","Egypt","Middle East & North Africa","Lower middle income"
963,"2026-05-07 10:24:00","Pakistan: Quetta Balochistan, Bolan medical hoapital","Pakistan","South Asia","Lower middle income"
964,"2026-05-07 10:31:00","Palestine: Jerusalem, West Bank, Al Makassed Islamic Charitable Society Hospital Jerusalem","Palestine","Middle East & North Africa","Lower middle income"
965,"2026-05-07 10:54:00","Italy: Ancona, University Hospital Umberto","Italy","Europe & Central Asia","High income"
966,"2026-05-07 11:27:00","Nigeria: Gombe, Federal Teaching Hospital, Gombe","Nigeria","Sub-Saharan Africa","Lower middle income"
967,"2026-05-07 11:32:00","Egypt: Cairo, Kasr Alainy Hospital, Faculty of Medicine, Cairo University","Egypt","Middle East & North Africa","Lower middle income"
968,"2026-05-07 11:38:00","Pakistan: Quetta Balochistan, Bolan medical hoapital","Pakistan","South Asia","Lower middle income"
969,"2026-05-07 11:43:00","Italy: Bari, University of Bari 'Aldo Moro'","Italy","Europe & Central Asia","High income"
970,"2026-05-07 11:45:00","Oman: Muscat, Sultan Qaboos University Hospital","Oman","Middle East & North Africa","High income"
971,"2026-05-07 11:49:00","Switzerland: Luzern, Luzerner Kantonsspital","Switzerland","Europe & Central Asia","High income"
972,"2026-05-07 12:20:00","United Kingdom: Preston, Royal Preston Hospital","United Kingdom","Europe & Central Asia","High income"
973,"2026-05-07 12:21:00","United Kingdom: Birmingham, Queen Elizabeth Hospital Birmingham","United Kingdom","Europe & Central Asia","High income"
974,"2026-05-07 12:36:00","United Kingdom: Leeds, Leeds General Infirmary","United Kingdom","Europe & Central Asia","High income"
975,"2026-05-07 12:53:00","Ethiopia: Debre Tabor, Debre Tabor University Hospital","Ethiopia","Sub-Saharan Africa","Low income"
976,"2026-05-07 13:00:00","United Kingdom: Oxford, John Radcliffe Hospital","United Kingdom","Europe & Central Asia","High income"
977,"2026-05-07 13:01:00","United Kingdom: London, King's College Hospital","United Kingdom","Europe & Central Asia","High income"
978,"2026-05-07 13:02:00","Malaysia: Kuala Lumpur, University Malaya Medical Centre","Malaysia","East Asia & Pacific","Upper middle income"
979,"2026-05-07 13:03:00","United Kingdom: London, King's College Hospital","United Kingdom","Europe & Central Asia","High income"
980,"2026-05-07 13:08:00","Italy: Bergamo, Papa Giovanni XXIII Hospital","Italy","Europe & Central Asia","High income"
981,"2026-05-07 13:18:00","New Zealand: New Plymouth, Taranaki Base Hospital","New Zealand","East Asia & Pacific","High income"
982,"2026-05-07 13:24:00","United Kingdom: Maidstone, Tunbridge Wells Hospital","United Kingdom","Europe & Central Asia","High income"
983,"2026-05-07 13:28:00","Australia: Westmead, Westmead Hospital","Australia","East Asia & Pacific","High income"
984,"2026-05-07 13:31:00","United Kingdom: Leeds, Leeds General Infirmary","United Kingdom","Europe & Central Asia","High income"
985,"2026-05-07 13:35:00","Italy: Monza, IRCCS San Gerardo","Italy","Europe & Central Asia","High income"
986,"2026-05-07 13:36:00","United Kingdom: Chertsey, Ashford and St Peter's Hospital","United Kingdom","Europe & Central Asia","High income"
987,"2026-05-07 13:36:00","Malaysia: Kuala Lumpur, University Malaya Medical Centre","Malaysia","East Asia & Pacific","Upper middle income"
989,"2026-05-07 13:37:00","United Kingdom: London, Royal Free Hospital","United Kingdom","Europe & Central Asia","High income"
990,"2026-05-07 13:37:00","Nigeria: Ikeja, Lagos State University Teaching Hospital","Nigeria","Sub-Saharan Africa","Lower middle income"
991,"2026-05-07 13:37:00","Italy: Rome, Fondazione Policlinico Universitario Agostino Gemelli","Italy","Europe & Central Asia","High income"
992,"2026-05-07 13:37:00","Nigeria: Ilorin, University of Ilorin Teaching Hospital","Nigeria","Sub-Saharan Africa","Lower middle income"
993,"2026-05-07 13:37:00","United Kingdom: Bedford, Bedford Hospital","United Kingdom","Europe & Central Asia","High income"
994,"2026-05-07 13:37:00","Spain: Cartagena, Hospital General Universitario Santa Lucía","Spain","Europe & Central Asia","High income"
995,"2026-05-07 13:37:00","Sweden: Uppsala, Uppsala University Hospital","Sweden","Europe & Central Asia","High income"
996,"2026-05-07 13:37:00","United Kingdom: Poole, Poole Hospital","United Kingdom","Europe & Central Asia","High income"
997,"2026-05-07 13:37:00","Italy: Legnano, Ospedale di Legnano","Italy","Europe & Central Asia","High income"
998,"2026-05-07 13:37:00","United Kingdom: Derby, Royal Derby Hospital","United Kingdom","Europe & Central Asia","High income"
999,"2026-05-07 13:38:00","Spain: Madrid, Hospital Clinico San Carlos","Spain","Europe & Central Asia","High income"
1000,"2026-05-07 13:38:00","Germany: Aachen, University Hospital Aachen","Germany","Europe & Central Asia","High income"
1001,"2026-05-07 13:39:00","United States: Baltimore, Md, Johns Hopkins Hospital","United States","North America","High income"
1002,"2026-05-07 13:39:00","Greece: Goumenissa, Goumenissa Genral Hospital","Greece","Europe & Central Asia","High income"
1003,"2026-05-07 13:40:00","Serbia: Belgrade, Clinic for Neurosurgery, Clinical Center of Serbia","Serbia","Europe & Central Asia","Upper middle income"
1004,"2026-05-07 13:40:00","United Kingdom: Southport, Southport and Ormskirk NHS Trust","United Kingdom","Europe & Central Asia","High income"
1005,"2026-05-07 13:40:00","United Kingdom: Edinburgh, Royal Infirmary of Edinburgh","United Kingdom","Europe & Central Asia","High income"
1006,"2026-05-07 13:41:00","Italy: Cesena, Ospedale M. Bufalini","Italy","Europe & Central Asia","High income"
1008,"2026-05-07 13:43:00","India: Bhubaneswar, All India Institute Of Medical Sciences - Bhubaneswar","India","South Asia","Lower middle income"
1009,"2026-05-07 13:43:00","Italy: Turin, Città della Salute e della Scienza","Italy","Europe & Central Asia","High income"
1010,"2026-05-07 13:44:00","India: Lucknow, King George's Medical University","India","South Asia","Lower middle income"
1011,"2026-05-07 13:44:00","Italy: Naples, Istituto Nazionale Tumori Fondazione, Pascale-I.R.C.C.S.","Italy","Europe & Central Asia","High income"
1012,"2026-05-07 13:45:00","Lebanon: Beirut, Makassed General Hospital","Lebanon","Middle East & North Africa","Lower middle income"
1013,"2026-05-07 13:48:00","Ireland: Dublin, Tallaght Hospital","Ireland","Europe & Central Asia","High income"
1014,"2026-05-07 13:49:00","Greece: Thessaloniki, Ahepa university Hospital","Greece","Europe & Central Asia","High income"
1015,"2026-05-07 13:50:00","Tunisia: Sousse, Farhat Hatched Hospital","Tunisia","Middle East & North Africa","Lower middle income"
1016,"2026-05-07 13:49:00","Serbia: Belgrade, Clinic for Neurosurgery, Clinical Center of Serbia","Serbia","Europe & Central Asia","Upper middle income"
1017,"2026-05-07 13:50:00","Italy: Pisa, Azienda Ospedaliero Universitaria Pisana","Italy","Europe & Central Asia","High income"
1019,"2026-05-07 13:50:00","Malaysia: Puncak Alam, Hospital Al-Sultan Abdullah, Universiti Teknologi MARA","Malaysia","East Asia & Pacific","Upper middle income"
1020,"2026-05-07 13:52:00","Greece: Thessaloniki, G. Gennimatas Thessaloniki General Hospital","Greece","Europe & Central Asia","High income"
1021,"2026-05-07 13:53:00","Palestine: Jericho,WestBank, New Jericho Hospital","Palestine","Middle East & North Africa","Lower middle income"
1022,"2026-05-07 13:55:00","Jordan: Amman, Al-Basheer Hospital","Jordan","Middle East & North Africa","Lower middle income"
1023,"2026-05-07 13:55:00","Italy: Esine, ASST Valcamonica Ospedale di Esine","Italy","Europe & Central Asia","High income"
1024,"2026-05-07 13:55:00","Rwanda: Kibungo, Kibungo Hospital","Rwanda","Sub-Saharan Africa","Low income"
1025,"2026-05-07 13:57:00","United Kingdom: Stoke-On-Trent, Royal Stoke University Hospital","United Kingdom","Europe & Central Asia","High income"
1026,"2026-05-07 13:57:00","Greece: Athens, Korgialenio-Benakio Hellenic Red Cross Hospital","Greece","Europe & Central Asia","High income"
1027,"2026-05-07 13:58:00","Bosnia and Herzegovina: Tuzla, University Clinical Center Tuzla","",,
1028,"2026-05-07 14:00:00","Germany: Munich, Ludwig Maximilian University of Munich - Großhadern","Germany","Europe & Central Asia","High income"
1029,"2026-05-07 14:00:00","United Kingdom: Chertsey, Ashford and St Peter's Hospital","United Kingdom","Europe & Central Asia","High income"
1030,"2026-05-07 14:00:00","Ethiopia: Addis Ababa, Saint Paul Hospital Millennium Medical College","Ethiopia","Sub-Saharan Africa","Low income"
1031,"2026-05-07 14:01:00","Nigeria: Kano, Aminu Kano Teaching Hospital","Nigeria","Sub-Saharan Africa","Lower middle income"
1032,"2026-05-07 14:01:00","United Kingdom: Oxford, John Radcliffe Hospital","United Kingdom","Europe & Central Asia","High income"
1033,"2026-05-07 14:02:00","Bulgaria: Sofia, University Hospital Alexandrovska","Bulgaria","Europe & Central Asia","High income"
1034,"2026-05-07 14:02:00","Egypt: Assiut, Assiut University Children Hospital","Egypt","Middle East & North Africa","Lower middle income"
1035,"2026-05-07 14:03:00","Turkey: Istanbul, Istanbul Medeniyet University, School of Medicine","Turkey","Europe & Central Asia","Upper middle income"
1036,"2026-05-07 14:04:00","Portugal: Lisboa, Instituto Português de Oncologia de Lisboa Francisco Gentil","Portugal","Europe & Central Asia","High income"
1037,"2026-05-07 14:04:00","Saudi Arabia: Jeddah, King Fahad Armed Forces Hospital","Saudi Arabia","Middle East & North Africa","High income"
1038,"2026-05-07 14:04:00","United Kingdom: Wolverhampton, Royal Wolverhampton NHS Trust","United Kingdom","Europe & Central Asia","High income"
1039,"2026-05-07 14:04:00","United Kingdom: Oxford, Churchill Hospital","United Kingdom","Europe & Central Asia","High income"
1040,"2026-05-07 14:04:00","Italy: Palermo, Department of Surgical, Oncological and Oral Sciences. University of Palermo","Italy","Europe & Central Asia","High income"
1041,"2026-05-07 14:04:00","United Kingdom: Glasgow, Queen Elizabeth University Hospital","United Kingdom","Europe & Central Asia","High income"
1042,"2026-05-07 14:06:00","Libya: Zliten, Zliten Teaching Hospital","Libya","Middle East & North Africa","Upper middle income"
1043,"2026-05-07 14:06:00","United Kingdom: Nottingham, Queens Medical Centre","United Kingdom","Europe & Central Asia","High income"
1044,"2026-05-07 14:06:00","Philippines: Quezon City, Victoriano Luna General Hospital","Philippines","East Asia & Pacific","Lower middle income"
1045,"2026-05-07 14:08:00","Romania: Bucharest, Emergency Clinical Hospital Bucharest","Romania","Europe & Central Asia","High income"
1046,"2026-05-07 14:08:00","Italy: Bergamo, Papa Giovanni XXIII Hospital","Italy","Europe & Central Asia","High income"
1047,"2026-05-07 14:08:00","Switzerland: Frauenfeld, Spital Thurgau AG","Switzerland","Europe & Central Asia","High income"
1048,"2026-05-07 14:08:00","Morocco: Rabat, Centre Hospitalier Universitaire Ibn Sina Rabat","Morocco","Middle East & North Africa","Lower middle income"
1049,"2026-05-07 14:09:00","Romania: Craiova, Emergency County Hospital Of Craiova","Romania","Europe & Central Asia","High income"
1050,"2026-05-07 14:09:00","Ethiopia: Woldia, Woldia General Hospital","Ethiopia","Sub-Saharan Africa","Low income"
1051,"2026-05-07 14:10:00","Spain: Las Palmas De Gran Canaria, Hospital Universitario de Gran Canaria Doctor Negrín","Spain","Europe & Central Asia","High income"
1052,"2026-05-07 14:10:00","Italy: Milan, ASST Santi Paolo e Carlo","Italy","Europe & Central Asia","High income"
1053,"2026-05-07 14:10:00","Croatia: Zagreb, University Hospital Centre Zagreb","Croatia","Europe & Central Asia","High income"
1054,"2026-05-07 14:11:00","Netherlands: Zaandam, Zaans Medisch Centrum","Netherlands","Europe & Central Asia","High income"
1055,"2026-05-07 14:11:00","Italy: Trieste, Institute for Maternal and Child Health - IRCCS 'Burlo Garofolo'","Italy","Europe & Central Asia","High income"
1056,"2026-05-07 14:12:00","United Kingdom: Bristol, Southmead Hospital","United Kingdom","Europe & Central Asia","High income"
1057,"2026-05-07 14:12:00","United Kingdom: Leeds, St James's University Hospital Leeds","United Kingdom","Europe & Central Asia","High income"
1058,"2026-05-07 14:13:00","Australia: Liverpool, Liverpool Hospital","Australia","East Asia & Pacific","High income"
1059,"2026-05-07 14:14:00","Croatia: Slavonski Brod, General Hospital Dr. Josip Bencevic","Croatia","Europe & Central Asia","High income"
1060,"2026-05-07 14:15:00","Italy: Treviso, Ca' Foncello","Italy","Europe & Central Asia","High income"
1061,"2026-05-07 14:15:00","United Kingdom: London, The National Hospital for Neurology and Neurosurgery","United Kingdom","Europe & Central Asia","High income"
1062,"2026-05-07 14:16:00","Greece: Heraklion Crete, University Hospital of Heraklion Crete","Greece","Europe & Central Asia","High income"
1063,"2026-05-07 14:16:00","United Kingdom: Brighton, Royal Sussex County Hospital","United Kingdom","Europe & Central Asia","High income"
1064,"2026-05-07 14:17:00","Egypt: Mansoura, Oncology Center Mansoura University","Egypt","Middle East & North Africa","Lower middle income"
1065,"2026-05-07 14:17:00","Italy: Florence, Careggi university hospital","Italy","Europe & Central Asia","High income"
1066,"2026-05-07 14:20:00","France: Strasbourg, Hautepierre hospital","France","Europe & Central Asia","High income"
1067,"2026-05-07 14:26:00","Austria: Linz, Ordensklinikum Linz GmbH Barmherzige Schwestern","Austria","Europe & Central Asia","High income"
1068,"2026-05-07 14:26:00","United Kingdom: Preston, Royal Preston Hospital","United Kingdom","Europe & Central Asia","High income"
1069,"2026-05-07 14:27:00","United Kingdom: Luton, Luton and Dunstable University Hospital","United Kingdom","Europe & Central Asia","High income"
1070,"2026-05-07 14:28:00","Nigeria: Zaria, Ahmadu Bello University Teaching Hospital","Nigeria","Sub-Saharan Africa","Lower middle income"
1071,"2026-05-07 14:28:00","United Kingdom: London, Royal London Hospital","United Kingdom","Europe & Central Asia","High income"
1072,"2026-05-07 14:28:00","Spain: Leganés, Severo Ochoa University Hospital","Spain","Europe & Central Asia","High income"
1073,"2026-05-07 14:30:00","Finland: Turku, Turku University Hospital","Finland","Europe & Central Asia","High income"
1074,"2026-05-07 14:30:00","Brazil: Campinas, Hospital De Clinicas da Unicamp","Brazil","Latin America & Caribbean","Upper middle income"
1076,"2026-05-07 14:34:00","Greece: Athens, Attikon University General Hospital","Greece","Europe & Central Asia","High income"
1077,"2026-05-07 14:35:00","India: Rishikesh, All India Institute of Medical Sciences (Aiims)","India","South Asia","Lower middle income"
1078,"2026-05-07 14:35:00","Turkey: Ankara, Ufuk University Dr. Rıdvan Ege Hospital","Turkey","Europe & Central Asia","Upper middle income"
1079,"2026-05-07 14:36:00","Greece: Athens, Evaggelismos General Hospital","Greece","Europe & Central Asia","High income"
1080,"2026-05-07 14:36:00","Algeria: Setif, CHU Saadna Abdennour: Mother an child Hospital El Bez: Department of Pediatric Surgery","Algeria","Middle East & North Africa","Upper middle income"
1081,"2026-05-07 14:36:00","United Kingdom: Stoke-On-Trent, Royal Stoke University Hospital","United Kingdom","Europe & Central Asia","High income"
1082,"2026-05-07 14:38:00","Turkey: Bursa, Bursa City Hospital","Turkey","Europe & Central Asia","Upper middle income"
1083,"2026-05-07 14:39:00","Greece: Larissa, General Hospital of Larissa 'Koutlimpaneio and Triantafylleio'","Greece","Europe & Central Asia","High income"
1084,"2026-05-07 14:40:00","India: Lucknow, King George's Medical University","India","South Asia","Lower middle income"
1085,"2026-05-07 14:40:00","Greece: Thessaloniki, G. Gennimatas Thessaloniki General Hospital","Greece","Europe & Central Asia","High income"
1086,"2026-05-07 14:41:00","Saudi Arabia: Riyadh, King Salman Hospital in Riyadh","Saudi Arabia","Middle East & North Africa","High income"
1087,"2026-05-07 14:43:00","Italy: Rome, IRCCS 'Regina Elena' National Cancer Institute","Italy","Europe & Central Asia","High income"
1088,"2026-05-07 14:45:00","Argentina: Rosario, Hospital Privado De Rosario","Argentina","Latin America & Caribbean","Upper middle income"
1089,"2026-05-07 14:47:00","India: Karur, Government Medical College Hospital","India","South Asia","Lower middle income"
1090,"2026-05-07 14:48:00","Bulgaria: Pleven, University Hospital Dr Georgi Stranski","Bulgaria","Europe & Central Asia","High income"
1091,"2026-05-07 14:49:00","Malaysia: Kuala Lumpur, University Malaya Medical Centre","Malaysia","East Asia & Pacific","Upper middle income"
1092,"2026-05-07 14:49:00","Turkey: Istanbul, Istanbul universty - Cerrahpaşa Medical faculty","Turkey","Europe & Central Asia","Upper middle income"
1093,"2026-05-07 14:50:00","Nigeria: Ibadan, University College Hospital","Nigeria","Sub-Saharan Africa","Lower middle income"
1094,"2026-05-07 14:50:00","Ethiopia: Gondar, Gondar University Comprehensive specialized hospital","Ethiopia","Sub-Saharan Africa","Low income"
1095,"2026-05-07 14:51:00","United Kingdom: Exeter, Royal Devon and Exeter Hospital","United Kingdom","Europe & Central Asia","High income"
1096,"2026-05-07 14:51:00","India: Bhubaneswar, All India Institute Of Medical Sciences - Bhubaneswar","India","South Asia","Lower middle income"
1097,"2026-05-07 14:53:00","Greece: Maroussi, IASO General Clinic","Greece","Europe & Central Asia","High income"
1098,"2026-05-07 15:03:00","Portugal: Penafiel, Centro Hospitalar do Tamega e Sousa","Portugal","Europe & Central Asia","High income"
1099,"2026-05-07 15:05:00","Turkey: Istanbul, Atlas University Medicine Hospital","Turkey","Europe & Central Asia","Upper middle income"
1100,"2026-05-07 15:05:00","Italy: Alessandria, Azienda Ospedaliera Nazionale Ss Antonio E Biagio E Cesare Arrigo","Italy","Europe & Central Asia","High income"
1101,"2026-05-07 15:06:00","United Kingdom: Brighton, Royal Sussex County Hospital","United Kingdom","Europe & Central Asia","High income"
1102,"2026-05-07 15:07:00","Turkey: Izmir, Acibadem Kent Hospital, Department of General Surgery","Turkey","Europe & Central Asia","Upper middle income"
1103,"2026-05-07 15:08:00","United Kingdom: Newcastle Upon Tyne, Newcastle Upon Tyne Hospitals NHS Foundation Trust","United Kingdom","Europe & Central Asia","High income"
1104,"2026-05-07 15:09:00","Greece: Alexandroupolis, Alexandroupolis University General Hospital","Greece","Europe & Central Asia","High income"
1105,"2026-05-07 15:10:00","United States: St. Louis, Barnes Jewish Hospital","United States","North America","High income"
1106,"2026-05-07 15:13:00","Algeria: Setif, CHU Saadna Abdennour: Mother an child Hospital El Bez: Department of Pediatric Surgery","Algeria","Middle East & North Africa","Upper middle income"
1107,"2026-05-07 15:14:00","India: Thrissur, Jubilee Mission Medical College & Research Institute","India","South Asia","Lower middle income"
1108,"2026-05-07 15:15:00","Italy: Bologna, IRCCS Azienda Ospedaliero-Universitaria di Bologna","Italy","Europe & Central Asia","High income"
1109,"2026-05-07 15:16:00","Romania: Cluj Napoca, County Emergency Clinical Hospital Cluj Napoca, First Surgery Department","Romania","Europe & Central Asia","High income"
1110,"2026-05-07 15:24:00","Nigeria: Kano, Aminu Kano Teaching Hospital","Nigeria","Sub-Saharan Africa","Lower middle income"
1111,"2026-05-07 15:25:00","Uganda: Ishaka, Kampala International University Teaching Hospital","Uganda","Sub-Saharan Africa","Low income"
1112,"2026-05-07 15:25:00","Spain: Madrid, Hospital Clinico San Carlos","Spain","Europe & Central Asia","High income"
1113,"2026-05-07 15:26:00","Philippines: Quezon City, Quirino Memorial Medical Center","Philippines","East Asia & Pacific","Lower middle income"
1114,"2026-05-07 15:28:00","Nigeria: Kano, Aminu Kano Teaching Hospital","Nigeria","Sub-Saharan Africa","Lower middle income"
1115,"2026-05-07 15:34:00","United Kingdom: Liverpool, Aintree University Hospital","United Kingdom","Europe & Central Asia","High income"
1116,"2026-05-07 15:34:00","Italy: Verona, Borgo Trento Hospital, Azienda Ospedaliera Universitaria Integrata di Verona","Italy","Europe & Central Asia","High income"
1117,"2026-05-07 15:36:00","Turkey: Bursa, Bursa Uludag University School of Medicine","Turkey","Europe & Central Asia","Upper middle income"
1118,"2026-05-07 15:37:00","Greece: Thessaloniki, Hippocratio Hospital","Greece","Europe & Central Asia","High income"
1119,"2026-05-07 15:39:00","United Kingdom: Nottingham, Nottingham Children's Hospital","United Kingdom","Europe & Central Asia","High income"
1120,"2026-05-07 15:41:00","Kenya: Bomet, Tenwek Hospital","Kenya","Sub-Saharan Africa","Lower middle income"
1121,"2026-05-07 15:43:00","India: New Delhi, Hamdard Institute of Medical Sciences & Research","India","South Asia","Lower middle income"
1122,"2026-05-07 15:45:00","Algeria: Setif, CHU Saadna Abdenour: Department of Pediatric Surgery","Algeria","Middle East & North Africa","Upper middle income"
1123,"2026-05-07 15:46:00","Greece: Athens, Agios Savvas Anticancer Hospital","Greece","Europe & Central Asia","High income"
1124,"2026-05-07 15:49:00","Spain: Murcia, Morales Meseguer University Hospital","Spain","Europe & Central Asia","High income"
1125,"2026-05-07 15:50:00","Saudi Arabia: Jeddah, King Abdulaziz University Hospital","Saudi Arabia","Middle East & North Africa","High income"
1126,"2026-05-07 15:53:00","United States: Fresno, Community Regional Medical Center","United States","North America","High income"
1127,"2026-05-07 15:58:00","Italy: Spoleto (Pg), San Matteo degli Infermi","Italy","Europe & Central Asia","High income"
1128,"2026-05-07 16:00:00","India: Ludhiana, Christian Medical College & Hospital","India","South Asia","Lower middle income"
1129,"2026-05-07 16:04:00","Turkey: Istanbul, Sehit Prof.Dr. İlhan Varank Training and Research Hospital","Turkey","Europe & Central Asia","Upper middle income"
1130,"2026-05-07 16:13:00","China: Guangzhou, The First Affiliated Hospital of Jinan University","China","East Asia & Pacific","Upper middle income"
1131,"2026-05-07 16:14:00","Spain: Madrid, Hospital Universitario del Sureste","Spain","Europe & Central Asia","High income"
1132,"2026-05-07 16:15:00","Italy: Firenze, Azienda Ospedaliera Universitaria Careggi","Italy","Europe & Central Asia","High income"
1133,"2026-05-07 16:17:00","Kuwait: Kuwait City, Al Amiri Hospital","Kuwait","Middle East & North Africa","High income"
1134,"2026-05-07 16:19:00","Egypt: Damietta, New Damietta Al-Azhar University Hospital","Egypt","Middle East & North Africa","Lower middle income"
1135,"2026-05-07 16:19:00","Egypt: Mansoura, Mansoura University Hospital","Egypt","Middle East & North Africa","Lower middle income"
1136,"2026-05-07 16:21:00","United Kingdom: Hereford, Hereford County Hospital","United Kingdom","Europe & Central Asia","High income"
1137,"2026-05-07 16:21:00","Spain: Madrid, Infanta Leonor University Hospital","Spain","Europe & Central Asia","High income"
1138,"2026-05-07 16:21:00","United Kingdom: Carlisle, Cumberland Infirmary","United Kingdom","Europe & Central Asia","High income"
1139,"2026-05-07 16:25:00","Portugal: Santiago Do Cacém, Hospital do Litoral Alentejano","Portugal","Europe & Central Asia","High income"
1140,"2026-05-07 16:26:00","Libya: Sirte, Ibn Sina Teaching Hospital","Libya","Middle East & North Africa","Upper middle income"
1141,"2026-05-07 16:28:00","Egypt: Damietta, Damietta cardiac and gastroentestinal specialized center","Egypt","Middle East & North Africa","Lower middle income"
1142,"2026-05-07 16:30:00","Colombia: Bogota, Fundacion Santa Fe de Bogota","Colombia","Latin America & Caribbean","Upper middle income"
1143,"2026-05-07 16:34:00","Italy: Massa, Ospedale Apuane","Italy","Europe & Central Asia","High income"
1144,"2026-05-07 16:36:00","Italy: Fidenza, di Vaio Hospital","Italy","Europe & Central Asia","High income"
1145,"2026-05-07 16:38:00","Egypt: Damietta, Damietta Specialized Hospital","Egypt","Middle East & North Africa","Lower middle income"
1146,"2026-05-07 16:39:00","Egypt: shebin  el Kom, menofyia  University  hospital","Egypt","Middle East & North Africa","Lower middle income"
1147,"2026-05-07 16:40:00","Egypt: Damietta, Damietta cardiac and gastroentestinal specialized center","Egypt","Middle East & North Africa","Lower middle income"
1148,"2026-05-07 16:45:00","Spain: Getafe, Getafe University Hospital","Spain","Europe & Central Asia","High income"
1149,"2026-05-07 16:50:00","Spain: Medina Del Campo (Valladolid), Hospital Medina del Campo","Spain","Europe & Central Asia","High income"
1150,"2026-05-07 16:53:00","Egypt: Menofia, Menofia University Hospital","Egypt","Middle East & North Africa","Lower middle income"
1151,"2026-05-07 16:54:00","United Kingdom: Edinburgh, Royal Hospital for Children and Young People","United Kingdom","Europe & Central Asia","High income"
1152,"2026-05-07 16:55:00","Brazil: Florianopolis, Hospital Universitário Professor Polydoro Ernani de São Thiago- HU/UFSC/EBSERH","Brazil","Latin America & Caribbean","Upper middle income"
1153,"2026-05-07 17:01:00","Germany: Hamburg, University Medical Center Hamburg-Eppendorf","Germany","Europe & Central Asia","High income"
1154,"2026-05-07 17:01:00","Sri Lanka: Jaffna, Teaching Hospital, Jaffna","Sri Lanka","South Asia","Lower middle income"
1155,"2026-05-07 17:06:00","Spain: Oviedo, Hospital Universitario Central de Asturias (HUCA)","Spain","Europe & Central Asia","High income"
1156,"2026-05-07 17:06:00","Brazil: Florianopolis, Hospital Universitário Professor Polydoro Ernani de São Thiago- HU/UFSC/EBSERH","Brazil","Latin America & Caribbean","Upper middle income"
1157,"2026-05-07 17:06:00","United Kingdom: Birmingham, Queen Elizabeth Hospital Birmingham","United Kingdom","Europe & Central Asia","High income"
1158,"2026-05-07 17:08:00","Pakistan: Lahore, Shaukat Khanam Memorial Cancer Hospital and Research Centre","Pakistan","South Asia","Lower middle income"
1159,"2026-05-07 17:25:00","United Kingdom: Salisbury, Salisbury NHS Foundation Trust","United Kingdom","Europe & Central Asia","High income"
1160,"2026-05-07 17:25:00","Italy: Tradate, Lombardy, Galmarini Hospital","Italy","Europe & Central Asia","High income"
1161,"2026-05-07 17:26:00","Egypt: Ismailia, Suez Canal University Hospital","Egypt","Middle East & North Africa","Lower middle income"
1162,"2026-05-07 17:29:00","Ethiopia: atsbi, mulu assefa primary hospital","Ethiopia","Sub-Saharan Africa","Low income"
1163,"2026-05-07 17:29:00","Italy: Tradate, Lombardy, Galmarini Hospital","Italy","Europe & Central Asia","High income"
1164,"2026-05-07 17:36:00","Spain: Valladolid, Hospital Clínico Universitario de Valladolid","Spain","Europe & Central Asia","High income"
1165,"2026-05-07 17:36:00","United Kingdom: Rotherham, Rotherham District General Hospital","United Kingdom","Europe & Central Asia","High income"
1166,"2026-05-07 17:38:00","United Kingdom: London, North Middlesex University Hospital","United Kingdom","Europe & Central Asia","High income"
1167,"2026-05-07 17:42:00","United Kingdom: Rotherham, Rotherham District General Hospital","United Kingdom","Europe & Central Asia","High income"
1168,"2026-05-07 17:43:00","Sweden: Malmö, Skåne University Hospital Malmö","Sweden","Europe & Central Asia","High income"
1169,"2026-05-07 17:46:00","Croatia: Zagreb, Clinical Hospital Merkur","Croatia","Europe & Central Asia","High income"
1170,"2026-05-07 17:48:00","Pakistan: Lahore, Shaikh Zayed Hospital","Pakistan","South Asia","Lower middle income"
1171,"2026-05-07 17:51:00","Qatar: Doha, Hamad General Hospital","Qatar","Middle East & North Africa","High income"
1172,"2026-05-07 17:57:00","Italy: Alzano Lombardo, Alzano Lombardo 'Pesenti Fenaroli' Hospital","Italy","Europe & Central Asia","High income"
1173,"2026-05-07 17:57:00","Italy: Bari, Azienda Ospedaliero Universitaria Consorziale Policlinico Di Bari","Italy","Europe & Central Asia","High income"
1174,"2026-05-07 18:01:00","Sri Lanka: Jaffna, Teaching Hospital, Jaffna","Sri Lanka","South Asia","Lower middle income"
1175,"2026-05-07 18:02:00","Nigeria: Ibadan, University College Hospital","Nigeria","Sub-Saharan Africa","Lower middle income"
1176,"2026-05-07 18:05:00","Nigeria: Abuja, University of Abuja Teaching Hospital, Gwagwalada","Nigeria","Sub-Saharan Africa","Lower middle income"
1177,"2026-05-07 18:10:00","North Macedonia: Skopje, University Clinic for Plastic and Reconstructive surgery, Faculty of Medicine, University St. Cyril and Mthodius","North Macedonia","Europe & Central Asia","Upper middle income"
1178,"2026-05-07 18:13:00","Portugal: Portimao, Centro Hospitalar Universitario do Algarve - Unidade de Portimão","Portugal","Europe & Central Asia","High income"
1179,"2026-05-07 18:13:00","United Kingdom: Birmingham, Heartlands Hospital","United Kingdom","Europe & Central Asia","High income"
1180,"2026-05-07 18:13:00","Italy: Alzano Lombardo, Alzano Lombardo 'Pesenti Fenaroli' Hospital","Italy","Europe & Central Asia","High income"
1181,"2026-05-07 18:24:00","Brazil: São Paulo, A.C. Camargo Cancer Center","Brazil","Latin America & Caribbean","Upper middle income"
1182,"2026-05-07 18:25:00","Kenya: Mombasa, Coast Provincial General Hospital","Kenya","Sub-Saharan Africa","Lower middle income"
1183,"2026-05-07 18:26:00","Pakistan: Karachi, National Institute of Cardiovascular Diseases","Pakistan","South Asia","Lower middle income"
1184,"2026-05-07 18:26:00","Brazil: São Paulo, A.C. Camargo Cancer Center","Brazil","Latin America & Caribbean","Upper middle income"
1185,"2026-05-07 18:26:00","Italy: Turin, Città della Salute e della Scienza","Italy","Europe & Central Asia","High income"
1186,"2026-05-07 18:28:00","Croatia: Knin, General Hospital Knin","Croatia","Europe & Central Asia","High income"
1187,"2026-05-07 18:29:00","United Kingdom: Edinburgh, Royal Infirmary of Edinburgh","United Kingdom","Europe & Central Asia","High income"
1188,"2026-05-07 18:30:00","Peru: Lima, Hospital Nacional E. Bernales","Peru","Latin America & Caribbean","Upper middle income"
1189,"2026-05-07 18:37:00","Turkey: Erzurum, Atatürk University Faculty of Medicine, Research Hospital","Turkey","Europe & Central Asia","Upper middle income"
1190,"2026-05-07 18:44:00","Italy: Alzano Lombardo, Alzano Lombardo 'Pesenti Fenaroli' Hospital","Italy","Europe & Central Asia","High income"
1191,"2026-05-07 18:45:00","United Kingdom: London, Barking, Havering and Redbridge University hospitals NHS Trust","United Kingdom","Europe & Central Asia","High income"
1192,"2026-05-07 18:48:00","Nigeria: Kaduna, Barau Dikko Teaching Hospital","Nigeria","Sub-Saharan Africa","Lower middle income"
1193,"2026-05-07 18:51:00","Nigeria: Ikeja, Lagos State University Teaching Hospital","Nigeria","Sub-Saharan Africa","Lower middle income"
1194,"2026-05-07 18:57:00","Tunisia: Tunis, Institut Salah Azaiez","Tunisia","Middle East & North Africa","Lower middle income"
1195,"2026-05-07 19:01:00","Sri Lanka: Colombo, National Hospital of Sri Lanka","Sri Lanka","South Asia","Lower middle income"
1196,"2026-05-07 19:02:00","Italy: Melzo, Ospedale Santa Maria delle Stelle, ASST Melegnano Martesana","Italy","Europe & Central Asia","High income"
1197,"2026-05-07 19:03:00","Italy: Alzano Lombardo, Alzano Lombardo 'Pesenti Fenaroli' Hospital","Italy","Europe & Central Asia","High income"
1198,"2026-05-07 19:17:00","Spain: Murcia, Hospital General Reina Sofía","Spain","Europe & Central Asia","High income"
1199,"2026-05-07 19:24:00","Egypt: Assiut, Assiut University Hospital","Egypt","Middle East & North Africa","Lower middle income"
1200,"2026-05-07 19:24:00","Tunisia: Ben Arous, Center For Traumatology And Major Burns, Ben Arous","Tunisia","Middle East & North Africa","Lower middle income"
1201,"2026-05-07 19:35:00","United Kingdom: Glasgow, Gartnavel General Hospital","United Kingdom","Europe & Central Asia","High income"
1202,"2026-05-07 19:37:00","Germany: Stralsund, Klinikum Stralsund Hospital","Germany","Europe & Central Asia","High income"
1203,"2026-05-07 19:39:00","Spain: Seville, Hospital Universitario Virgen Macarena","Spain","Europe & Central Asia","High income"
1204,"2026-05-07 19:40:00","Nigeria: Zaria, Ahmadu Bello University Teaching Hospital","Nigeria","Sub-Saharan Africa","Lower middle income"
1205,"2026-05-07 20:05:00","United Kingdom: Leeds, Leeds General Infirmary","United Kingdom","Europe & Central Asia","High income"
1206,"2026-05-07 20:06:00","Nigeria: Port Harcourt, University of Port Harcourt Teaching Hospital","Nigeria","Sub-Saharan Africa","Lower middle income"
1207,"2026-05-07 20:23:00","Malta: Msida, Mater Dei Hospital","Malta","Middle East & North Africa","High income"
1208,"2026-05-07 20:26:00","Spain: Valladolid, Hospital Clínico Universitario de Valladolid","Spain","Europe & Central Asia","High income"
1209,"2026-05-07 20:27:00","Tunisia: Tunis, La Rabta Hospital, General Surgery Department A","Tunisia","Middle East & North Africa","Lower middle income"
1210,"2026-05-07 20:27:00","United Kingdom: Manchester, Wythenshawe Hospital","United Kingdom","Europe & Central Asia","High income"
1211,"2026-05-07 20:28:00","United Kingdom: Stevenage, Lister Hospital","United Kingdom","Europe & Central Asia","High income"
1212,"2026-05-07 20:53:00","Mexico: Mexico City, Instituto Nacional de Ciencias Médicas y Nutrición 'Salvador Zubirán'","Mexico","Latin America & Caribbean","Upper middle income"
1213,"2026-05-07 20:55:00","Nigeria: Enugu, university of Nigeria teaching hospital ituku ozalla Enugu","Nigeria","Sub-Saharan Africa","Lower middle income"
1214,"2026-05-07 20:58:00","Mexico: Morelia, Hospital General 'Dr Miguel Silva'","Mexico","Latin America & Caribbean","Upper middle income"
1215,"2026-05-07 21:06:00","Jordan: Amman, Al Khalidi Hospital and Medical Center","Jordan","Middle East & North Africa","Lower middle income"
1216,"2026-05-07 21:07:00","Italy: Milan, IRCCS Ca Granda Ospedale Policlinico di Milano","Italy","Europe & Central Asia","High income"
1217,"2026-05-07 21:17:00","Brazil: Porto Alegre, Hospital Nossa Senhora da Conceição","Brazil","Latin America & Caribbean","Upper middle income"
1218,"2026-05-07 21:22:00","Bosnia and Herzegovina: Mostar, SKB University Clinical Hospital Mostar","",,
1219,"2026-05-07 21:25:00","Spain: Barcelona, Hospital Clinic Barcelona","Spain","Europe & Central Asia","High income"
1220,"2026-05-07 21:29:00","Nigeria: Abeokuta, Federal Medical Centre Abeokuta","Nigeria","Sub-Saharan Africa","Lower middle income"
1221,"2026-05-07 21:30:00","United Kingdom: Harlow, Princess Alexandra Hospital Harlow","United Kingdom","Europe & Central Asia","High income"
1222,"2026-05-07 21:36:00","Australia: Adelaide, Royal Adelaide Hospital","Australia","East Asia & Pacific","High income"
1223,"2026-05-07 21:39:00","Italy: Rivoli, Ospedale degli Infermi di Rivoli","Italy","Europe & Central Asia","High income"
1224,"2026-05-07 21:42:00","Italy: Sulmona, SS Annunziata","Italy","Europe & Central Asia","High income"
1225,"2026-05-07 21:52:00","United Kingdom: Liverpool, Royal Liverpool University Hospital","United Kingdom","Europe & Central Asia","High income"
1226,"2026-05-07 21:53:00","United Kingdom: Telford, Princess Royal Hospital","United Kingdom","Europe & Central Asia","High income"
1227,"2026-05-07 21:58:00","Nigeria: Gombe, Gombe State Specialist Hospital","Nigeria","Sub-Saharan Africa","Lower middle income"
1228,"2026-05-07 22:01:00","Greece: Athens, Helena Venizelou","Greece","Europe & Central Asia","High income"
1229,"2026-05-07 22:12:00","Spain: Barakaldo, Hospital Universitario Cruces","Spain","Europe & Central Asia","High income"
1230,"2026-05-07 22:20:00","United Kingdom: Nottingham, Queens Medical Centre","United Kingdom","Europe & Central Asia","High income"
1231,"2026-05-07 22:22:00","Italy: Rome, Fatebenefratelli Isola Tiberina","Italy","Europe & Central Asia","High income"
1232,"2026-05-07 22:33:00","Australia: Melbourne, Peter MacCallum Cancer Centre","Australia","East Asia & Pacific","High income"
1233,"2026-05-07 22:57:00","Nigeria: Enugu, university of Nigeria teaching hospital ituku ozalla Enugu","Nigeria","Sub-Saharan Africa","Lower middle income"
1234,"2026-05-07 22:58:00","Australia: Robina, Robina Hospital","Australia","East Asia & Pacific","High income"
1235,"2026-05-07 23:05:00","Nigeria: Ibadan, University College Hospital","Nigeria","Sub-Saharan Africa","Lower middle income"
1236,"2026-05-07 23:08:00","Nigeria: Ilorin, University of Ilorin Teaching Hospital","Nigeria","Sub-Saharan Africa","Lower middle income"
1237,"2026-05-07 23:12:00","Italy: Rome, IRCCS 'Regina Elena' National Cancer Institute","Italy","Europe & Central Asia","High income"
1238,"2026-05-07 23:33:00","Ghana: Kumasi, Komfo-Anokye Teaching Hospital","Ghana","Sub-Saharan Africa","Lower middle income"
1239,"2026-05-07 23:49:00","Egypt: Menofia, Menofia University Hospital","Egypt","Middle East & North Africa","Lower middle income"
1240,"2026-05-08 00:13:00","Malaysia: Kuala Lumpur, Hospital Canselor Tuanku Muhriz","Malaysia","East Asia & Pacific","Upper middle income"
1241,"2026-05-08 00:19:00","Iraq: babil, Hilla teaching hospital","Iraq","Middle East & North Africa","Upper middle income"
1242,"2026-05-08 00:29:00","Ghana: Accra, University of Ghana Medical Centre","Ghana","Sub-Saharan Africa","Lower middle income"
1243,"2026-05-08 00:52:00","Portugal: Lisboa, Hospital CUF Infante Santo","Portugal","Europe & Central Asia","High income"
1244,"2026-05-08 01:18:00","India: Chennai, Cancer Institute (WIA) Regional Cancer Centre","India","South Asia","Lower middle income"
1245,"2026-05-08 01:51:00","Russian Federation: Yuzhno-Sakhalinsk, Private healthcare institution 'RZD-Medicine'","Russian Federation","Europe & Central Asia","High income"
1246,"2026-05-08 02:15:00","Japan: Aomori, Hirosaki University Hospital","Japan","East Asia & Pacific","High income"
1247,"2026-05-08 02:27:00","India: Lucknow, Sanjay Gandhi Post Graduate Institute Of Medical Sciences","India","South Asia","Lower middle income"
1248,"2026-05-08 02:28:00","Kazakhstan: Almaty, Almaty Oncology Centre","Kazakhstan","Europe & Central Asia","Upper middle income"
1249,"2026-05-08 02:51:00","Indonesia: Jakarta, Cipto Mangunkusumo National General Hospital & Universitas Indonesia","Indonesia","East Asia & Pacific","Upper middle income"
1250,"2026-05-08 03:11:00","Egypt: Assiut, Assiut University Hospital","Egypt","Middle East & North Africa","Lower middle income"
1251,"2026-05-08 03:46:00","Malaysia: Kelantan, Hospital Universiti Sains Malaysia","Malaysia","East Asia & Pacific","Upper middle income"
1252,"2026-05-08 03:53:00","United Kingdom: Dudley, Russell's Hall Hospital","United Kingdom","Europe & Central Asia","High income"
1253,"2026-05-08 04:22:00","Saudi Arabia: Jazan / Abu Arish, armed forces hospital jazan","Saudi Arabia","Middle East & North Africa","High income"
1254,"2026-05-08 04:30:00","Germany: Erlangen, Universitätsklinikum Erlangen","Germany","Europe & Central Asia","High income"
1255,"2026-05-08 05:33:00","Ethiopia: Dessie, Dessie Referral Hospital","Ethiopia","Sub-Saharan Africa","Low income"
1256,"2026-05-08 05:44:00","Switzerland: Lucern, Hirslanden St. Anna","Switzerland","Europe & Central Asia","High income"
1257,"2026-05-08 06:00:00","Nigeria: Irrua, Irrua Specialist Teaching Hospital","Nigeria","Sub-Saharan Africa","Lower middle income"
1258,"2026-05-08 06:03:00","Australia: Hamilton, Hamilton Base Hospital","Australia","East Asia & Pacific","High income"
1259,"2026-05-08 06:15:00","Cyprus: Larnaca, Larnaca General Hospital","Cyprus","Europe & Central Asia","High income"
1260,"2026-05-08 06:31:00","Sweden: Gothenburg, Sahlgrenska University Hospital","Sweden","Europe & Central Asia","High income"
1261,"2026-05-08 06:33:00","Australia: Newcastle, Calvary Mater Newcastle","Australia","East Asia & Pacific","High income"
1262,"2026-05-08 06:38:00","Spain: Madrid, Hospital Universitario la Paz","Spain","Europe & Central Asia","High income"
1263,"2026-05-08 06:47:00","South Sudan: Juba, Juba Teaching Hospital","South Sudan","Sub-Saharan Africa","Low income"
1264,"2026-05-08 06:52:00","Australia: Adelaide, Royal Adelaide Hospital","Australia","East Asia & Pacific","High income"
1265,"2026-05-08 07:03:00","Italy: Naples, Federico II University of Naples","Italy","Europe & Central Asia","High income"
1266,"2026-05-08 07:08:00","Nigeria: Zaria, Ahmadu Bello University Teaching Hospital","Nigeria","Sub-Saharan Africa","Lower middle income"
1267,"2026-05-08 07:10:00","Greece: Thessaloniki, 'G.Papanikolaou' General Hopsital of Thessaloniki","Greece","Europe & Central Asia","High income"
1268,"2026-05-08 07:11:00","United Kingdom: London, Homerton University Hospital","United Kingdom","Europe & Central Asia","High income"
1269,"2026-05-08 07:16:00","Bahrain: Manama, Salmaniya Medical Complex","Bahrain","Middle East & North Africa","High income"
1270,"2026-05-08 07:20:00","Australia: Melbourne, St Vincent's Hospital","Australia","East Asia & Pacific","High income"
1271,"2026-05-08 07:23:00","Turkey: Bursa, Bursa Uludag University School of Medicine","Turkey","Europe & Central Asia","Upper middle income"
1272,"2026-05-08 07:26:00","Nigeria: Katsina, Federal Medical Center Katsina","Nigeria","Sub-Saharan Africa","Lower middle income"
1273,"2026-05-08 07:27:00","Italy: Bari, Azienda Ospedaliero Universitaria Consorziale Policlinico Di Bari","Italy","Europe & Central Asia","High income"
1274,"2026-05-08 07:32:00","Japan: Saitama City, Saitama Children's Medical Center","Japan","East Asia & Pacific","High income"
1275,"2026-05-08 07:33:00","United Kingdom: Swindon, Great Western Hospital","United Kingdom","Europe & Central Asia","High income"
1277,"2026-05-08 07:51:00","Yemen, Rep.: Sana'a , Yemen, United Specialized Hospital","Yemen, Rep.","Middle East & North Africa","Low income"
1278,"2026-05-08 07:54:00","Greece: Athens, 'Elena Venizelou' General and Maternity hospital of Athens","Greece","Europe & Central Asia","High income"
1279,"2026-05-08 07:55:00","India: Manipal, Kasturba Medical College Hospital, Manipal","India","South Asia","Lower middle income"
1280,"2026-05-08 08:02:00","United Kingdom: Salford, Salford Royal Hospital","United Kingdom","Europe & Central Asia","High income"
1281,"2026-05-08 08:15:00","Algeria: Oran, EHU-1st November 1954","Algeria","Middle East & North Africa","Upper middle income"
1282,"2026-05-08 08:24:00","Nigeria: Ikeja, Lagos State University Teaching Hospital","Nigeria","Sub-Saharan Africa","Lower middle income"
1283,"2026-05-08 08:27:00","Sudan: Atbara, Atbara Teaching Hospital","Sudan","Sub-Saharan Africa","Low income"
1284,"2026-05-08 08:41:00","Serbia: Belgrade, Clinic for emergency surgery, Emergency centre, University Clinical centre of Serbia, University of Belgrade, Faculty of Medicine","Serbia","Europe & Central Asia","Upper middle income"
1285,"2026-05-08 08:46:00","United Kingdom: Ashford, William Harvey Hospital","United Kingdom","Europe & Central Asia","High income"
1286,"2026-05-08 08:51:00","Ghana: Damongo, St. Anne Catholic Hospital","Ghana","Sub-Saharan Africa","Lower middle income"
1287,"2026-05-08 08:54:00","Pakistan: Peshawar, Lady Reading Hospital","Pakistan","South Asia","Lower middle income"
1288,"2026-05-08 08:58:00","United Kingdom: London, Barking, Havering and Redbridge University hospitals NHS Trust","United Kingdom","Europe & Central Asia","High income"
1289,"2026-05-08 09:04:00","Egypt: Cairo, Ain Shams University Specialized Hospital","Egypt","Middle East & North Africa","Lower middle income"
1290,"2026-05-08 09:15:00","United Kingdom: Southampton, Southampton General Hospital","United Kingdom","Europe & Central Asia","High income"
1291,"2026-05-08 09:23:00","Japan: Okayama, Kurashiki Central Hospital","Japan","East Asia & Pacific","High income"
1292,"2026-05-08 09:26:00","Italy: Pistoia, San Jacopo Hospital","Italy","Europe & Central Asia","High income"
1293,"2026-05-08 09:28:00","Sri Lanka: Kandy, Teaching Hospital Peradeniya","Sri Lanka","South Asia","Lower middle income"
1294,"2026-05-08 09:33:00","Malta: Msida, Mater Dei Hospital","Malta","Middle East & North Africa","High income"
1295,"2026-05-08 09:39:00","Ethiopia: Wolaita Soddo, Soddo Christian General Hospital","Ethiopia","Sub-Saharan Africa","Low income"
1296,"2026-05-08 09:48:00","Turkey: Erzurum, Atatürk University Faculty of Medicine, Research Hospital","Turkey","Europe & Central Asia","Upper middle income"
1297,"2026-05-08 09:49:00","Greece: Athens, 'Elena Venizelou' General and Maternity hospital of Athens","Greece","Europe & Central Asia","High income"
1298,"2026-05-08 09:54:00","United Kingdom: Birmingham, Queen Elizabeth Hospital Birmingham","United Kingdom","Europe & Central Asia","High income"
1299,"2026-05-08 09:58:00","Pakistan: Peshawar, Lady Reading Hospital","Pakistan","South Asia","Lower middle income"
1300,"2026-05-08 10:09:00","Greece: Athens, 'Elena Venizelou' General and Maternity hospital of Athens","Greece","Europe & Central Asia","High income"
1301,"2026-05-08 10:11:00","Spain: Brunete, Madrid, Hospital Los Mandronos","Spain","Europe & Central Asia","High income"
1302,"2026-05-08 10:12:00","Nigeria: Kano, Aminu Kano Teaching Hospital","Nigeria","Sub-Saharan Africa","Lower middle income"
1303,"2026-05-08 10:12:00","Germany: Aachen, University Hospital Aachen","Germany","Europe & Central Asia","High income"
1304,"2026-05-08 10:30:00","Spain: León, Complejo Asistencial Universitario de León","Spain","Europe & Central Asia","High income"
1305,"2026-05-08 10:33:00","United Kingdom: Colchester, Colchester Hospital University","United Kingdom","Europe & Central Asia","High income"
1306,"2026-05-08 10:48:00","Spain: Madrid, 12 de Octubre University Hospital","Spain","Europe & Central Asia","High income"
1307,"2026-05-08 10:51:00","Spain: Zaragoza, Hospital Royo Villanova","Spain","Europe & Central Asia","High income"
1308,"2026-05-08 10:51:00","United Kingdom: Romford, Queen's Hospital Romford","United Kingdom","Europe & Central Asia","High income"
1309,"2026-05-08 10:55:00","Israel: Jerusalem, Hadassah University Hospital - Ein Kerem","Israel","Middle East & North Africa","High income"
1310,"2026-05-08 10:56:00","Nigeria: Jos, Faith Alive Foundation","Nigeria","Sub-Saharan Africa","Lower middle income"
1311,"2026-05-08 11:20:00","Spain: Barakaldo, San Eloy Hospital","Spain","Europe & Central Asia","High income"
1312,"2026-05-08 11:53:00","United Kingdom: Leeds, Leeds General Infirmary","United Kingdom","Europe & Central Asia","High income"
1313,"2026-05-08 11:57:00","Germany: Munich, Klinikum Rechts der Isar TUM School of Medicine","Germany","Europe & Central Asia","High income"
1314,"2026-05-08 12:01:00","Morocco: Casablanca, Mohammed VI International University Hospital","Morocco","Middle East & North Africa","Lower middle income"
1315,"2026-05-08 12:12:00","Palestine: Hebron, West Bank, Governmental Hebron Hospital-Alia","Palestine","Middle East & North Africa","Lower middle income"
1316,"2026-05-08 12:14:00","Palestine: Hebron, West Bank, Governmental Hebron Hospital-Alia","Palestine","Middle East & North Africa","Lower middle income"
1317,"2026-05-08 12:17:00","Germany: Simmerath, Eifelklinik St. Brigida","Germany","Europe & Central Asia","High income"
1318,"2026-05-08 12:19:00","United Kingdom: Hull, Hull University Teaching Hospitals NHS Trust","United Kingdom","Europe & Central Asia","High income"
1319,"2026-05-08 12:20:00","Palestine: Hebron, West Bank, Governmental Hebron Hospital-Alia","Palestine","Middle East & North Africa","Lower middle income"
1320,"2026-05-08 12:28:00","United Kingdom: Wirral, Wirral University Teaching Hospital","United Kingdom","Europe & Central Asia","High income"
1321,"2026-05-08 12:37:00","Paraguay: Asuncion, Hospital de Trauma Manuel Giagni","Paraguay","Latin America & Caribbean","Upper middle income"
1322,"2026-05-08 13:20:00","Syrian Arab Republic: Damascus, Al-Mouwasat University Hospital","Syrian Arab Republic","Middle East & North Africa","Low income"
1323,"2026-05-08 13:24:00","Italy: Milan, IRCCS Ca Granda Ospedale Policlinico di Milano","Italy","Europe & Central Asia","High income"
1324,"2026-05-08 13:29:00","Dominican Republic: Santo Domingo, Hospital General Plaza de la Salud","Dominican Republic","Latin America & Caribbean","Upper middle income"
1325,"2026-05-08 13:34:00","Dominican Republic: Santo Domingo, Hospital General Plaza de la Salud","Dominican Republic","Latin America & Caribbean","Upper middle income"
1326,"2026-05-08 13:38:00","Dominican Republic: Santo Domingo, Hospital General Plaza de la Salud","Dominican Republic","Latin America & Caribbean","Upper middle income"
1327,"2026-05-08 13:41:00","Nigeria: Abuja, National Hospital Abuja","Nigeria","Sub-Saharan Africa","Lower middle income"
1328,"2026-05-08 13:43:00","Libya: Tripoli, Crown Health Care Clinical","Libya","Middle East & North Africa","Upper middle income"
1329,"2026-05-08 13:56:00","Nigeria: Kano, Aminu Kano Teaching Hospital","Nigeria","Sub-Saharan Africa","Lower middle income"
1330,"2026-05-08 13:58:00","Syrian Arab Republic: Damascus, Al-Mouwasat University Hospital","Syrian Arab Republic","Middle East & North Africa","Low income"
1331,"2026-05-08 14:05:00","Greece: Athens, Athens Medical Center","Greece","Europe & Central Asia","High income"
1332,"2026-05-08 14:20:00","Syrian Arab Republic: Damascus, Al-Assad University Hospital","Syrian Arab Republic","Middle East & North Africa","Low income"
1333,"2026-05-08 14:15:00","Mexico: Mexico City, Instituto Nacional de Ciencias Médicas y Nutrición 'Salvador Zubirán'","Mexico","Latin America & Caribbean","Upper middle income"
1334,"2026-05-08 14:26:00","Portugal: Vila Real, Centro Hospitalar de Trás-os-Montes e Alto Douro, E.P.E.","Portugal","Europe & Central Asia","High income"
1335,"2026-05-08 14:28:00","Nigeria: Bauchi, Abubakar Tafawa Balewa University Teaching Hospital Bauchi","Nigeria","Sub-Saharan Africa","Lower middle income"
1336,"2026-05-08 14:30:00","Spain: León, Complejo Asistencial Universitario de León","Spain","Europe & Central Asia","High income"
1337,"2026-05-08 14:31:00","Colombia: Yopal, Hospital Regional de la Orinoquía","Colombia","Latin America & Caribbean","Upper middle income"
1338,"2026-05-08 14:44:00","Morocco: Rabat, Centre Hospitalier Universitaire Ibn Sina Rabat","Morocco","Middle East & North Africa","Lower middle income"
1339,"2026-05-08 15:00:00","Italy: Taranto, Santa Annunziata Hospital","Italy","Europe & Central Asia","High income"
1340,"2026-05-08 15:04:00","Egypt: Mansoura, Mansoura University Children's Hospital","Egypt","Middle East & North Africa","Lower middle income"
1341,"2026-05-08 15:10:00","Argentina: Cordoba, Sanatorio Allende - Sede Nueva Cordoba","Argentina","Latin America & Caribbean","Upper middle income"
1342,"2026-05-08 15:11:00","Nigeria: Bauchi, Abubakar Tafawa Balewa University Teaching Hospital Bauchi","Nigeria","Sub-Saharan Africa","Lower middle income"
1343,"2026-05-08 15:16:00","Ghana: Ho, Ho Teaching Hospital","Ghana","Sub-Saharan Africa","Lower middle income"
1344,"2026-05-08 15:17:00","Italy: Milan, Humanitas Research Hospital","Italy","Europe & Central Asia","High income"
1345,"2026-05-08 16:03:00","Pakistan: Multan, The Children Hospital & The institute of Child Health","Pakistan","South Asia","Lower middle income"
1346,"2026-05-08 16:05:00","Libya: Benghazi, Benghazi Medical Center","Libya","Middle East & North Africa","Upper middle income"
1347,"2026-05-08 16:08:00","Ghana: Accra, Korle-Bu Teaching Hospital","Ghana","Sub-Saharan Africa","Lower middle income"
1349,"2026-05-08 16:19:00","Peru: Piura, Hospital III José Cayetano Heredia EsSalud Piura","Peru","Latin America & Caribbean","Upper middle income"
1350,"2026-05-08 16:46:00","Kazakhstan: Shymkent, City hospital №1","Kazakhstan","Europe & Central Asia","Upper middle income"
1351,"2026-05-08 16:47:00","Iran, Islamic Rep.: Tehran, Amir Alam Hospital","Iran, Islamic Rep.","Middle East & North Africa","Upper middle income"
1352,"2026-05-08 16:58:00","United Kingdom: London, Chelsea and Westminster Hospital","United Kingdom","Europe & Central Asia","High income"
1353,"2026-05-08 17:49:00","Egypt: Cairo, Endemic Medicine Department, Helwan University","Egypt","Middle East & North Africa","Lower middle income"
1354,"2026-05-08 18:14:00","Cyprus: Nicosia, Near East University Hospital","Cyprus","Europe & Central Asia","High income"
1355,"2026-05-08 18:30:00","Iraq: Erbil, Rizgary teaching hospital","Iraq","Middle East & North Africa","Upper middle income"
1356,"2026-05-08 18:31:00","Iraq: Erbil, Rojhalat emergency hospital","Iraq","Middle East & North Africa","Upper middle income"
1357,"2026-05-08 18:37:00","Albania: Tirana, Universitary Hospital Center ' Mother Theresa' Tiranea","Albania","Europe & Central Asia","Upper middle income"
1358,"2026-05-08 18:48:00","Egypt: Alexandria, Alexandria University Students Hospital","Egypt","Middle East & North Africa","Lower middle income"
1359,"2026-05-08 19:05:00","Iraq: Erbil, Rojhalat emergency hospital","Iraq","Middle East & North Africa","Upper middle income"
1360,"2026-05-08 19:05:00","Iraq: Erbil, Rizgary teaching hospital","Iraq","Middle East & North Africa","Upper middle income"
1361,"2026-05-08 19:25:00","Turkey: Istanbul, Istanbul Medeniyet University, School of Medicine","Turkey","Europe & Central Asia","Upper middle income"
1362,"2026-05-08 19:32:00","United Kingdom: Peterborough, Peterborough City Hospital","United Kingdom","Europe & Central Asia","High income"
1363,"2026-05-08 19:35:00","Ireland: Cork, Cork University Hospital","Ireland","Europe & Central Asia","High income"
1364,"2026-05-08 20:07:00","Libya: Tripoli, Metiga Hospital","Libya","Middle East & North Africa","Upper middle income"
1365,"2026-05-08 21:33:00","Italy: Bergamo, Humanitas Gavazzeni & Castelli University Hospital","Italy","Europe & Central Asia","High income"
1366,"2026-05-08 21:36:00","Italy: Bergamo, Humanitas Gavazzeni & Castelli University Hospital","Italy","Europe & Central Asia","High income"
1367,"2026-05-08 21:37:00","Italy: Bergamo, Humanitas Gavazzeni & Castelli University Hospital","Italy","Europe & Central Asia","High income"
1368,"2026-05-08 21:49:00","Ghana: Accra, Korle-Bu Teaching Hospital","Ghana","Sub-Saharan Africa","Lower middle income"
1369,"2026-05-08 22:30:00","Libya: Tripoli, Metiga Hospital","Libya","Middle East & North Africa","Upper middle income"
1370,"2026-05-08 22:36:00","Libya: Tripoli, Metiga Hospital","Libya","Middle East & North Africa","Upper middle income"
1371,"2026-05-09 00:02:00","Egypt: Cairo, Ain Shams University Specialized Hospital","Egypt","Middle East & North Africa","Lower middle income"
1372,"2026-05-09 02:49:00","United Kingdom: London, Whipps Cross University Hospital","United Kingdom","Europe & Central Asia","High income"
1373,"2026-05-09 03:35:00","Malaysia: Kuala Lumpur, University Malaya Medical Centre","Malaysia","East Asia & Pacific","Upper middle income"
1374,"2026-05-09 03:47:00","United Kingdom: Edinburgh, Royal Infirmary of Edinburgh","United Kingdom","Europe & Central Asia","High income"
1375,"2026-05-09 03:59:00","United Kingdom: Cambridge, Royal Papworth Hospital","United Kingdom","Europe & Central Asia","High income"
1376,"2026-05-09 05:27:00","Nigeria: Ile-Ife, Obafemi Awolowo University Teaching Hospitals Complex","Nigeria","Sub-Saharan Africa","Lower middle income"
1377,"2026-05-09 05:49:00","Pakistan: Peshawar, Lady Reading Hospital","Pakistan","South Asia","Lower middle income"
1378,"2026-05-09 05:51:00","Pakistan: Peshawar, Lady Reading Hospital","Pakistan","South Asia","Lower middle income"
1379,"2026-05-09 05:55:00","Pakistan: Peshawar, Lady Reading Hospital","Pakistan","South Asia","Lower middle income"
1380,"2026-05-09 06:07:00","Pakistan: Peshawar, Lady Reading Hospital","Pakistan","South Asia","Lower middle income"
1381,"2026-05-09 06:12:00","Pakistan: Rawalpindi, Benazir Bhutto Hospital","Pakistan","South Asia","Lower middle income"
1383,"2026-05-09 07:09:00","Malaysia: Kuala Lumpur, Hospital Canselor Tuanku Muhriz","Malaysia","East Asia & Pacific","Upper middle income"
1384,"2026-05-09 07:18:00","Nigeria: Nnewi, Nnamdi Azikiwe University Teaching Hospital","Nigeria","Sub-Saharan Africa","Lower middle income"
1385,"2026-05-09 07:19:00","South Africa: Johannesburg, Chris Hani Baragwanath Academic Hospital","South Africa","Sub-Saharan Africa","Upper middle income"
1386,"2026-05-09 07:53:00","India: Pune, Military Hospital, Khirkee","India","South Asia","Lower middle income"
1387,"2026-05-09 08:05:00","Libya: Tripoli, Metiga Hospital","Libya","Middle East & North Africa","Upper middle income"
1388,"2026-05-09 08:13:00","Croatia: Zagreb, University Hospital Centre Zagreb","Croatia","Europe & Central Asia","High income"
1389,"2026-05-09 08:18:00","Egypt: Assiut, Assiut University Hospital","Egypt","Middle East & North Africa","Lower middle income"
1390,"2026-05-09 08:29:00","United Kingdom: Liverpool, The Walton Centre NHS Foundation Trust","United Kingdom","Europe & Central Asia","High income"
1391,"2026-05-09 08:33:00","Australia: Perth, Fiona Stanley Hospital","Australia","East Asia & Pacific","High income"
1392,"2026-05-09 08:53:00","Italy: Milan, ASST Grande Ospedale Metropolitano Niguarda","Italy","Europe & Central Asia","High income"
1393,"2026-05-09 09:08:00","Egypt: Cairo, Al-Azhar University Hospitals","Egypt","Middle East & North Africa","Lower middle income"
1394,"2026-05-09 09:13:00","Iraq: Erbil, Rojhalat emergency hospital","Iraq","Middle East & North Africa","Upper middle income"
1395,"2026-05-09 09:34:00","Greece: Athens, Attikon University General Hospital","Greece","Europe & Central Asia","High income"
1396,"2026-05-09 09:37:00","Italy: Colleferro (Rome), L. P. Delfino District Hospital","Italy","Europe & Central Asia","High income"
1397,"2026-05-09 09:50:00","Nigeria: Ibadan, University College Hospital","Nigeria","Sub-Saharan Africa","Lower middle income"
1398,"2026-05-09 09:54:00","Ethiopia: Addis Ababa, Myungsung Christian Medical Centre","Ethiopia","Sub-Saharan Africa","Low income"
1399,"2026-05-09 10:44:00","Greece: Athens, Hippocratio General Hospital","Greece","Europe & Central Asia","High income"
1400,"2026-05-09 11:15:00","Spain: Barcelona, Hospital Universitari Sagrat Cor","Spain","Europe & Central Asia","High income"
1401,"2026-05-09 11:17:00","Albania: Tirana, University Hospital Center Nene Tereza","Albania","Europe & Central Asia","Upper middle income"
1402,"2026-05-09 11:17:00","United Kingdom: Huddersfield, Huddersfield Royal Infirmary","United Kingdom","Europe & Central Asia","High income"
1403,"2026-05-09 11:19:00","United Kingdom: Huddersfield, Huddersfield Royal Infirmary","United Kingdom","Europe & Central Asia","High income"
1404,"2026-05-09 11:20:00","Libya: Tripoli, Metiga Hospital","Libya","Middle East & North Africa","Upper middle income"
1405,"2026-05-09 11:41:00","United Kingdom: London, Ealing Hospital","United Kingdom","Europe & Central Asia","High income"
1406,"2026-05-09 12:52:00","Pakistan: Peshawar, Lady Reading Hospital","Pakistan","South Asia","Lower middle income"
1407,"2026-05-09 12:55:00","Brazil: Sao Paulo, Hospital Santa Paula","Brazil","Latin America & Caribbean","Upper middle income"
1408,"2026-05-09 12:59:00","Libya: Tripoli, Metiga Hospital","Libya","Middle East & North Africa","Upper middle income"
1409,"2026-05-09 13:11:00","Bangladesh: Chattogram, Chittagong Medical College Hospital","Bangladesh","South Asia","Lower middle income"
1410,"2026-05-09 13:17:00","Nigeria: Abakaliki, Alex Ekwueme Federal University Teaching Hospital Abakiliki 2 (AEFUTHA 2)","Nigeria","Sub-Saharan Africa","Lower middle income"
1411,"2026-05-09 13:55:00","Egypt: Cairo, Kasr Alainy Hospital, Faculty of Medicine, Cairo University","Egypt","Middle East & North Africa","Lower middle income"
1412,"2026-05-09 15:05:00","United Kingdom: London, Homerton University Hospital","United Kingdom","Europe & Central Asia","High income"
1413,"2026-05-09 15:37:00","Nigeria: Abuja, Asokoro District Hospital","Nigeria","Sub-Saharan Africa","Lower middle income"
1414,"2026-05-09 16:20:00","Nigeria: Ilishan-Remo, Babcock University Teaching Hospital","Nigeria","Sub-Saharan Africa","Lower middle income"
1415,"2026-05-09 16:20:00","Greece: Athens, Hippocratio General Hospital","Greece","Europe & Central Asia","High income"
1416,"2026-05-09 16:22:00","Brazil: Campinas, Hospital De Clinicas da Unicamp","Brazil","Latin America & Caribbean","Upper middle income"
1417,"2026-05-09 17:06:00","Turkey: Istanbul, Kartal Dr. Lutfi Kirdar Training and Research Hospital","Turkey","Europe & Central Asia","Upper middle income"
1418,"2026-05-09 17:33:00","Italy: Milan, Istituto Europeo di Oncologia - IRCCS -Milano","Italy","Europe & Central Asia","High income"
1419,"2026-05-09 18:00:00","Yemen, Rep.: ibb, jiblah university hospital","Yemen, Rep.","Middle East & North Africa","Low income"
1420,"2026-05-09 17:58:00","Spain: Zaragoza, Hospital Clinico Universitario Zaragoza","Spain","Europe & Central Asia","High income"
1421,"2026-05-09 18:01:00","Spain: Zaragoza, Hospital Clinico Universitario Zaragoza","Spain","Europe & Central Asia","High income"
1422,"2026-05-09 18:22:00","Yemen, Rep.: Ibb, Al-Thawra Teaching General Hospital","Yemen, Rep.","Middle East & North Africa","Low income"
1423,"2026-05-09 18:32:00","Greece: Kavala, Kavala General Hospital","Greece","Europe & Central Asia","High income"
1424,"2026-05-09 18:44:00","Greece: Kavala, Kavala General Hospital","Greece","Europe & Central Asia","High income"
1425,"2026-05-09 18:44:00","United States: Albany, Albany Medical Center","United States","North America","High income"
1426,"2026-05-09 19:18:00","Portugal: Elvas, Hospital Santa Luzia Elvas","Portugal","Europe & Central Asia","High income"
1427,"2026-05-09 19:23:00","Portugal: Portalegre, Hospital Dr. José Maria Grande","Portugal","Europe & Central Asia","High income"
1428,"2026-05-09 20:58:00","Palestine: Jericho,WestBank, New Jericho Hospital","Palestine","Middle East & North Africa","Lower middle income"
1429,"2026-05-09 21:24:00","Libya: Tripoli, Tripoli Medical Center/ Tripoli University Hospital","Libya","Middle East & North Africa","Upper middle income"
1430,"2026-05-09 21:36:00","Nigeria: Abuja, Asokoro District Hospital","Nigeria","Sub-Saharan Africa","Lower middle income"
1431,"2026-05-09 22:13:00","Nigeria: Bauchi, Abubakar Tafawa Balewa University Teaching Hospital Bauchi","Nigeria","Sub-Saharan Africa","Lower middle income"
1432,"2026-05-09 23:23:00","Greece: Patras, General University Hospital of Patras","Greece","Europe & Central Asia","High income"
1433,"2026-05-10 00:30:00","Italy: Monza, IRCCS San Gerardo","Italy","Europe & Central Asia","High income"
1434,"2026-05-10 00:36:00","Greece: Thessaloniki, Agios Pavlos General Hospital","Greece","Europe & Central Asia","High income"
1435,"2026-05-10 04:04:00","Ecuador: Quito, Hospital General Enrique Garcés","Ecuador","Latin America & Caribbean","Upper middle income"
1436,"2026-05-10 05:29:00","Pakistan: Peshawar, Lady Reading Hospital","Pakistan","South Asia","Lower middle income"
1437,"2026-05-10 05:31:00","Sudan: El Geneina, El Geneina teaching Hospital","Sudan","Sub-Saharan Africa","Low income"
1438,"2026-05-10 06:22:00","Pakistan: Karachi, PAF Faisal Hospital","Pakistan","South Asia","Lower middle income"
1439,"2026-05-10 07:05:00","Italy: Pietra Ligure, Ospedale Santa Corona, Pietra Ligure (SV)","Italy","Europe & Central Asia","High income"
1440,"2026-05-10 08:26:00","Pakistan: Pakistan: Rawalpindi, Fauji Foundation Hospital","Pakistan","South Asia","Lower middle income"
1441,"2026-05-10 08:31:00","Pakistan: Peshawar, Hayatabad Medical Complex","Pakistan","South Asia","Lower middle income"
1442,"2026-05-10 08:33:00","Pakistan: Peshawar, Hayatabad Medical Complex","Pakistan","South Asia","Lower middle income"
1443,"2026-05-10 08:39:00","Pakistan: Multan, The Children Hospital & The institute of Child Health","Pakistan","South Asia","Lower middle income"
1444,"2026-05-10 08:49:00","Egypt: Cairo, El Demerdash University Hospital","Egypt","Middle East & North Africa","Lower middle income"
1445,"2026-05-10 08:58:00","United Kingdom: Southend, Southend University Hospital","United Kingdom","Europe & Central Asia","High income"
1446,"2026-05-10 09:13:00","Australia: Melbourne, Western Health - Footscray hospital and Sunshine hospital","Australia","East Asia & Pacific","High income"
1447,"2026-05-10 09:20:00","Spain: Barcelona, Hospital Clinic Barcelona","Spain","Europe & Central Asia","High income"
1448,"2026-05-10 10:25:00","Syrian Arab Republic: Damascus, Damascus Hospital","Syrian Arab Republic","Middle East & North Africa","Low income"
1449,"2026-05-10 10:27:00","United Kingdom: Oxford, John Radcliffe Hospital","United Kingdom","Europe & Central Asia","High income"
1450,"2026-05-10 10:41:00","Australia: Newcastle, Calvary Mater Newcastle","Australia","East Asia & Pacific","High income"
1451,"2026-05-10 10:42:00","Pakistan: Peshawar, Hayatabad Medical Complex","Pakistan","South Asia","Lower middle income"
1452,"2026-05-10 10:48:00","Libya: Zliten, Zliten Teaching Hospital","Libya","Middle East & North Africa","Upper middle income"
1453,"2026-05-10 10:53:00","Netherlands: Amsterdam, Amsterdam UMC, University of Amsterdam","Netherlands","Europe & Central Asia","High income"
1454,"2026-05-10 11:42:00","Sudan: Omdurman, Elnau Teaching Hospital","Sudan","Sub-Saharan Africa","Low income"
1455,"2026-05-10 11:48:00","Philippines: Manila, Philippine General Hospital, University Of The Philippines Manila","Philippines","East Asia & Pacific","Lower middle income"
1456,"2026-05-10 11:57:00","Serbia: Belgrade, University Children's Hospital","Serbia","Europe & Central Asia","Upper middle income"
1457,"2026-05-10 12:03:00","South Africa: Cape Town, Tygerberg Hospital","South Africa","Sub-Saharan Africa","Upper middle income"
1458,"2026-05-10 13:07:00","Kenya: Nairobi, Kenyatta National Hospital","Kenya","Sub-Saharan Africa","Lower middle income"
1460,"2026-05-10 13:25:00","Colombia: Popayán, Hospital Universitario San José","Colombia","Latin America & Caribbean","Upper middle income"
1461,"2026-05-10 14:29:00","United Kingdom: Kettering, Kettering General Hospital","United Kingdom","Europe & Central Asia","High income"
1462,"2026-05-10 14:31:00","Greece: Thessaloniki, Hippocratio Hospital","Greece","Europe & Central Asia","High income"
1463,"2026-05-10 14:33:00","Greece: Thessaloniki, General Clinic Euromedica","Greece","Europe & Central Asia","High income"
1464,"2026-05-10 14:36:00","Greece: Thessaloniki, Hippocratio Hospital","Greece","Europe & Central Asia","High income"
1465,"2026-05-10 14:41:00","Ireland: Waterford, University Hospital Waterford/University College Cork","Ireland","Europe & Central Asia","High income"
1466,"2026-05-10 14:42:00","Italy: Genoa, IRCCS Ospedale Policlinico San Martino","Italy","Europe & Central Asia","High income"
1467,"2026-05-10 15:02:00","Portugal: Beja, Unidade Local de Saude do Baixo Alentejo","Portugal","Europe & Central Asia","High income"
1468,"2026-05-10 15:37:00","India: Srinagar, Sher-i-Kashmir Institute of Medical Sciences","India","South Asia","Lower middle income"
1469,"2026-05-10 15:42:00","Greece: Athens, Agios Savvas Anticancer Hospital","Greece","Europe & Central Asia","High income"
1470,"2026-05-10 16:17:00","United Kingdom: London, Royal London Hospital","United Kingdom","Europe & Central Asia","High income"
1471,"2026-05-10 16:32:00","India: Cochin, Amrita Institute of Medical Sciences Hospital","India","South Asia","Lower middle income"
1472,"2026-05-10 16:33:00","Saudi Arabia: Jazan, Jazan University, Faculty of Medicine","Saudi Arabia","Middle East & North Africa","High income"
1473,"2026-05-10 16:41:00","Ghana: Cape-Coast, Cape Coast Teaching Hosital","Ghana","Sub-Saharan Africa","Lower middle income"
1474,"2026-05-10 16:52:00","Pakistan: Peshawar, Hayatabad Medical Complex","Pakistan","South Asia","Lower middle income"
1475,"2026-05-10 16:54:00","Pakistan: Peshawar, Hayatabad Medical Complex","Pakistan","South Asia","Lower middle income"
1476,"2026-05-10 17:16:00","Bangladesh: Dhaka, Dhaka Medical College Hospital","Bangladesh","South Asia","Lower middle income"
1477,"2026-05-10 17:21:00","Italy: Guastalla, Civil Hospital - Ausl-Irccs Of Reggio Emilia","Italy","Europe & Central Asia","High income"
1478,"2026-05-10 17:35:00","Libya: Zliten, Zliten Teaching Hospital","Libya","Middle East & North Africa","Upper middle income"
1479,"2026-05-10 17:39:00","United States: Houston, Houston Methodist Hospital","United States","North America","High income"
1480,"2026-05-10 18:22:00","Portugal: Porto, Centro Hospitalar e Universitário de São João","Portugal","Europe & Central Asia","High income"
1481,"2026-05-10 18:25:00","Mexico: Guadalajara, Hospital civil de guadalajara 'Dr Juan I Menchaca'","Mexico","Latin America & Caribbean","Upper middle income"
1482,"2026-05-10 18:24:00","Slovenia: Ljubljana, Ljubljana University Medical Centre","Slovenia","Europe & Central Asia","High income"
1483,"2026-05-10 18:25:00","Croatia: Zadar, Zadar General Hospital","Croatia","Europe & Central Asia","High income"
1484,"2026-05-10 18:33:00","Mexico: Morelia, Hospital General 'Dr Miguel Silva'","Mexico","Latin America & Caribbean","Upper middle income"
1485,"2026-05-10 18:42:00","France: Paris, Pitie Salpetriere","France","Europe & Central Asia","High income"
1486,"2026-05-10 19:19:00","Jordan: Amman, Islamic Hospital","Jordan","Middle East & North Africa","Lower middle income"
1487,"2026-05-10 19:23:00","United Kingdom: North Shields, Northumbria NHS Hospital Trust","United Kingdom","Europe & Central Asia","High income"
1488,"2026-05-10 19:37:00","Libya: Gharyan, Gharyan Central Hospital","Libya","Middle East & North Africa","Upper middle income"
1489,"2026-05-10 19:37:00","Ethiopia: Addis Ababa, Tikur Anbessa Specialized (Black Lion) Hospital","Ethiopia","Sub-Saharan Africa","Low income"
1490,"2026-05-10 20:01:00","Nigeria: Owo, Ondo State, Federal Medical Centre Owo Ondo State","Nigeria","Sub-Saharan Africa","Lower middle income"
1491,"2026-05-10 20:25:00","Mexico: Morelia, Hospital General 'Dr Miguel Silva'","Mexico","Latin America & Caribbean","Upper middle income"
1492,"2026-05-10 20:45:00","United Kingdom: Camberley, Frimley Health NHS FT - Frimley Park","United Kingdom","Europe & Central Asia","High income"
1493,"2026-05-10 21:06:00","Ghana: Tamale, Tamale Teaching Hospital","Ghana","Sub-Saharan Africa","Lower middle income"
1494,"2026-05-10 21:28:00","Turkey: Erzincan, Erzincan University Hospital","Turkey","Europe & Central Asia","Upper middle income"
1495,"2026-05-10 22:18:00","Greece: Patras, General University Hospital of Patras","Greece","Europe & Central Asia","High income"
1496,"2026-05-10 22:20:00","Nigeria: Sokoto, Usmanu Danfodiyo University Hospital Sokoto Nigeria","Nigeria","Sub-Saharan Africa","Lower middle income"
1497,"2026-05-10 22:39:00","Portugal: Leiria, Centro Hospitalar de Leiria, E.P.E.","Portugal","Europe & Central Asia","High income"
1498,"2026-05-10 23:48:00","Mexico: Ciudad De México, Hospital Médica Sur","Mexico","Latin America & Caribbean","Upper middle income"
1499,"2026-05-11 00:02:00","United Kingdom: London, St Mary's Hospital","United Kingdom","Europe & Central Asia","High income"
1500,"2026-05-11 01:04:00","Canada: Toronto, The Hospital For Sick Children","Canada","North America","High income"
1501,"2026-05-11 03:34:00","Egypt: Benha, Benha University Hospital","Egypt","Middle East & North Africa","Lower middle income"
1502,"2026-05-11 05:42:00","Greece: Athens, Hippocratio General Hospital","Greece","Europe & Central Asia","High income"
1503,"2026-05-11 05:53:00","Sri Lanka: Werahera, University Hospital, Kotelawala Defence University","Sri Lanka","South Asia","Lower middle income"
1504,"2026-05-11 06:14:00","Poland: Wroclaw, Regional Specialist Hospital in Wroclaw","Poland","Europe & Central Asia","High income"
1505,"2026-05-11 06:25:00","Nigeria: Kano, Aminu Kano Teaching Hospital","Nigeria","Sub-Saharan Africa","Lower middle income"
1506,"2026-05-11 06:32:00","Italy: Savona, San Paolo","Italy","Europe & Central Asia","High income"
1507,"2026-05-11 06:37:00","Russian Federation: Nizhny Novgorod, Nizhny Novgorod regional clinical hospital","Russian Federation","Europe & Central Asia","High income"
1508,"2026-05-11 07:11:00","United Kingdom: Dundee, Ninewells Hospital","United Kingdom","Europe & Central Asia","High income"
1509,"2026-05-11 07:13:00","Nigeria: Abakaliki, Alex Ekwueme Federal University Teaching Hospital Abakiliki 2 (AEFUTHA 2)","Nigeria","Sub-Saharan Africa","Lower middle income"
1510,"2026-05-11 08:17:00","France: Lille, Hôpital Privé La Louvière","France","Europe & Central Asia","High income"
1511,"2026-05-11 08:38:00","Italy: Ancona, Ospedali Riuniti di Ancona","",,
1512,"2026-05-11 08:49:00","Germany: Berlin, Park-Klinik Weissensee","",,
1547,"2026-05-07 13:21:09","Egypt: cairo, german hospital in egypt","Egypt","Middle East & North Africa","Lower middle income"
1548,"2026-05-07 13:38:02","India: kolkata, apollo hospitals narendrapur kolkata","India","South Asia","Lower middle income"
1549,"2026-05-07 13:40:17","","",,
1550,"2026-05-07 13:41:24","Saudi Arabia: taif, taif armed forces hospital","Saudi Arabia","Middle East & North Africa","High income"
1551,"2026-05-07 13:41:46","United Kingdom: London, Guy's and St Thomas' Hospitals","United Kingdom","Europe & Central Asia","High income"
1552,"2026-05-07 13:42:47","United Kingdom: London, Guy's and St Thomas' Hospitals","United Kingdom","Europe & Central Asia","High income"
1553,"2026-05-07 13:51:59","Malaysia: temerloh, hospital sultan haji ahmad shah","Malaysia","East Asia & Pacific","Upper middle income"
1554,"2026-05-07 13:59:50","Canada: newmarket, southlake health","Canada","North America","High income"
1555,"2026-05-07 14:04:57","","",,
1556,"2026-05-07 14:08:52","Ghana: Kumasi, Komfo-Anokye Teaching Hospital","Ghana","Sub-Saharan Africa","Lower middle income"
1557,"2026-05-07 14:15:23","Bangladesh: dhaka, national institute of burn and plastic surgery","Bangladesh","South Asia","Lower middle income"
1558,"2026-05-07 14:20:25","Egypt: port said, port said university hospital","Egypt","Middle East & North Africa","Lower middle income"
1559,"2026-05-07 15:10:52","Mexico: guadalajara, hospital general de zona no 89 imss","Mexico","Latin America & Caribbean","Upper middle income"
1560,"2026-05-07 15:22:51","Nigeria: Ilorin, University of Ilorin Teaching Hospital","Nigeria","Sub-Saharan Africa","Lower middle income"
1561,"2026-05-07 15:39:25","United Kingdom: canterbury, east kent hospitals university nhs foundation trust","United Kingdom","Europe & Central Asia","High income"
1562,"2026-05-07 15:54:16","Nigeria: Owo, Ondo State, Federal Medical Centre Owo Ondo State","Nigeria","Sub-Saharan Africa","Lower middle income"
1563,"2026-05-07 16:29:41","Malaysia: putrajaya, hospital putrajaya","Malaysia","East Asia & Pacific","Upper middle income"
1564,"2026-05-07 16:56:20","","",,
1565,"2026-05-07 17:02:10","","",,
1566,"2026-05-07 17:32:59","Spain: Oviedo, Hospital Universitario Central de Asturias (HUCA)","Spain","Europe & Central Asia","High income"
1567,"2026-05-07 17:41:06","Egypt: suez, suez university hospital","Egypt","Middle East & North Africa","Lower middle income"
1568,"2026-05-07 17:58:51","Canada: niagara falls, niagara falls hospital","Canada","North America","High income"
1569,"2026-05-07 18:32:30","Nepal: lumbini, gautam buddha eye care centre","Nepal","South Asia","Lower middle income"
1571,"2026-05-07 18:54:06","","",,
1572,"2026-05-07 19:09:48","Algeria: Oran, EHU-1st November 1954","Algeria","Middle East & North Africa","Upper middle income"
1573,"2026-05-07 21:33:52","Egypt: Abu Khalifa, Ismailia, Abu Khalifa Emergency Hospital","Egypt","Middle East & North Africa","Lower middle income"
1574,"2026-05-07 23:45:39","United Kingdom: Canterbury, Kent and Canterbury Hospital","United Kingdom","Europe & Central Asia","High income"
1575,"2026-05-08 00:56:28","Mexico: mexico, hospital de pediatria centro medico nacional siglo xxi imss","Mexico","Latin America & Caribbean","Upper middle income"
1576,"2026-05-08 04:21:57","Pakistan: lahore, pak red crescent teaching hospital","Pakistan","South Asia","Lower middle income"
1577,"2026-05-08 06:02:27","India: kolkata, hcg cancer centre","India","South Asia","Lower middle income"
1578,"2026-05-08 07:41:32","Pakistan: mandi bahaud din, khokhar","Pakistan","South Asia","Lower middle income"
1579,"2026-05-08 07:50:01","United Kingdom: oxfordshire, newmedica","United Kingdom","Europe & Central Asia","High income"
1581,"2026-05-08 10:40:07","Egypt: alexandria, al qabbary hospital","Egypt","Middle East & North Africa","Lower middle income"
1582,"2026-05-08 12:03:18","Nigeria: ikole ekiti nigeria, federal medical center ikole ekiti","Nigeria","Sub-Saharan Africa","Lower middle income"
1583,"2026-05-08 13:30:25","Syrian Arab Republic: damascus, national university hospital","Syrian Arab Republic","Middle East & North Africa","Low income"
1584,"2026-05-08 13:42:04","Sudan: sinjah, sinjah teaching hospital","Sudan","Sub-Saharan Africa","Low income"
1585,"2026-05-08 14:53:02","United States: eau claire wisconsin, mayo clinic health system eau claire","United States","North America","High income"
1586,"2026-05-08 16:35:03","India: Chandigarh, Postgraduate Institute of Medical Education & Research","India","South Asia","Lower middle income"
1587,"2026-05-08 16:41:51","India: Navi Mumbai, D Y Patil Hospital","India","South Asia","Lower middle income"
1588,"2026-05-09 10:58:11","Ethiopia: Addis Ababa, Nordic Medical Centre","Ethiopia","Sub-Saharan Africa","Low income"
1589,"2026-05-09 13:04:48","Egypt: alexandria, almandara","Egypt","Middle East & North Africa","Lower middle income"
1590,"2026-05-09 15:58:16","Saudi Arabia: khobar, mouwasat hospital in khobar","Saudi Arabia","Middle East & North Africa","High income"
1591,"2026-05-09 16:18:21","Argentina: buenos aires, hospital tornu","Argentina","Latin America & Caribbean","Upper middle income"
1592,"2026-05-10 17:27:57","Egypt: sohag, sohag oncology center","Egypt","Middle East & North Africa","Lower middle income"
1593,"2026-05-10 20:35:51","Ethiopia: Assela, Assela University Hospital","Ethiopia","Sub-Saharan Africa","Low income"
1594,"2026-05-11 10:12:38","Yemen, Rep.: Sana'a, Al-Gumhouri Teaching Hospital","Yemen, Rep.","Middle East & North Africa","Low income"
1595,"2026-05-11 10:30:55","Ethiopia: Addis Ababa, Yekatit 12 hospital medical college","Ethiopia","Sub-Saharan Africa","Low income"
1596,"2026-05-11 11:20:55","Hong Kong SAR, China: Sha Tin, Prince of Wales Hospital","Hong Kong SAR, China","East Asia & Pacific","High income"
1597,"2026-05-11 11:22:27","United Kingdom: London, Kingston","United Kingdom","Europe & Central Asia","High income"
1598,"2026-05-11 11:26:59","Italy: Naples, Federico II University of Naples","Italy","Europe & Central Asia","High income"
1599,"2026-05-11 11:33:14","Greece: Athens, Agios Savvas Anticancer Hospital","Greece","Europe & Central Asia","High income"
1600,"2026-05-11 11:50:19","United Kingdom: Cambridge, Addenbrooke's Hospital","United Kingdom","Europe & Central Asia","High income"
1601,"2026-05-11 11:58:32","India: Sas Nagar (Mohali), BR Ambedkar State Institute of Medical Sciences Mohali","India","South Asia","Lower middle income"
1602,"2026-05-11 12:02:06","India: Shillong, Supercare Hospital","India","South Asia","Lower middle income"
1603,"2026-05-11 12:39:56","Turkey: Istanbul, Istanbul Aydin University Hospital","Turkey","Europe & Central Asia","Upper middle income"
1604,"2026-05-11 12:43:56","Australia: Newcastle, Belmont District Hospital","Australia","East Asia & Pacific","High income"
1605,"2026-05-11 12:44:36","United Kingdom: Stoke-On-Trent, University Hospitals of North Midlands","United Kingdom","Europe & Central Asia","High income"
1606,"2026-05-11 12:53:42","Ethiopia: Hawassa, Hawassa University Comprehensive Specialized Hospital","Ethiopia","Sub-Saharan Africa","Low income"
1607,"2026-05-11 13:04:30","Russian Federation: Tomsk, Siberian state medical university","Russian Federation","Europe & Central Asia","High income"
1608,"2026-05-11 13:07:56","Croatia: Bracak, General Hospital Zabok and Hospital of Croatian Veterans","Croatia","Europe & Central Asia","High income"
1609,"2026-05-11 13:08:55","Egypt: Cairo, Cairo University Children's Hospitals (CUSPH & CUCH)","Egypt","Middle East & North Africa","Lower middle income"
1610,"2026-05-11 13:17:16","Portugal: Vila Real, Centro Hospitalar de Trás-os-Montes e Alto Douro, E.P.E.","Portugal","Europe & Central Asia","High income"
1611,"2026-05-11 13:18:27","United Kingdom: Bristol, Southmead Hospital","United Kingdom","Europe & Central Asia","High income"
1612,"2026-05-11 13:25:53","Turkey: Istanbul, Istanbul Medeniyet University, School of Medicine","Turkey","Europe & Central Asia","Upper middle income"
1613,"2026-05-11 13:27:02","Niger: Maradi, Hôpital de référence de Maradi","Niger","Sub-Saharan Africa","Low income"
1614,"2026-05-11 14:00:57","Egypt: Assiut, Assiut University Hospital","Egypt","Middle East & North Africa","Lower middle income"
1615,"2026-05-11 14:16:44","Egypt: Portsaid City, El Nasr Specialized Hospital for Pediatrics","Egypt","Middle East & North Africa","Lower middle income"
1616,"2026-05-11 14:17:49","Mexico: Guadalajara, Hospital Civil Fray Antonio Alcalde","Mexico","Latin America & Caribbean","Upper middle income"
1617,"2026-05-11 15:37:00","Ghana: Techiman, Holy Family Hospital Techiman","Ghana","Sub-Saharan Africa","Lower middle income"
1618,"2026-05-11 16:19:56","Ireland: Kilkenny, St Lukes Hospital","Ireland","Europe & Central Asia","High income"
1619,"2026-05-11 16:25:39","United Kingdom: Salisbury, Salisbury NHS Foundation Trust","United Kingdom","Europe & Central Asia","High income"
1620,"2026-05-11 16:32:37","Bangladesh: Chattogram, Chittagong Medical College Hospital","Bangladesh","South Asia","Lower middle income"
1621,"2026-05-11 16:40:51","Nepal: bharatpur, national city hospital","Nepal","South Asia","Lower middle income"
1622,"2026-05-11 16:54:23","Portugal: Tomar, Centro Hospitalar Médio Tejo","Portugal","Europe & Central Asia","High income"
1623,"2026-05-11 17:13:22","Qatar: Doha, Al Wakrah Hospital - HAMAD MEDICAL Corporation","Qatar","Middle East & North Africa","High income"
1624,"2026-05-11 17:13:57","Palestine: Gaza, al-Aqsa Hospital","Palestine","Middle East & North Africa","Lower middle income"
1625,"2026-05-11 17:15:17","Greece: Athens, Aretaieio University Hospital","Greece","Europe & Central Asia","High income"
1626,"2026-05-11 17:45:33","Portugal: Torres Vedras, Hospital de Torres Vedras - Centro Hospitalar do Oeste","Portugal","Europe & Central Asia","High income"
1627,"2026-05-11 17:45:54","Egypt: Cairo, Cairo University Children's Hospitals (CUSPH & CUCH)","Egypt","Middle East & North Africa","Lower middle income"
1628,"2026-05-11 17:54:38","Ireland: Dublin, Tallaght Hospital","Ireland","Europe & Central Asia","High income"
1629,"2026-05-11 18:09:49","India: Manipal, Kasturba Medical College Hospital, Manipal","India","South Asia","Lower middle income"
1630,"2026-05-11 18:15:07","Nigeria: Ilorin, University of Ilorin Teaching Hospital","Nigeria","Sub-Saharan Africa","Lower middle income"
1631,"2026-05-11 18:15:55","Mexico: guadalajara, Antiguo Hospital Civil de Guadalajara ' Fray Antonio Alcalde' Pediatrico","Mexico","Latin America & Caribbean","Upper middle income"
1632,"2026-05-11 18:43:28","Portugal: Bragança, Unidade Local de Saude do Nordeste","Portugal","Europe & Central Asia","High income"
1633,"2026-05-11 18:44:56","Portugal: Bragança, Unidade Local de Saude do Nordeste","Portugal","Europe & Central Asia","High income"
1634,"2026-05-11 18:46:03","Portugal: Bragança, Unidade Local de Saude do Nordeste","Portugal","Europe & Central Asia","High income"
1635,"2026-05-11 18:55:51","Uganda: Kampala, Kibuli Hospital","Uganda","Sub-Saharan Africa","Low income"
1636,"2026-05-11 19:15:32","Austria: Wiener Neustadt, Landesklinikum Wiener Neustadt","Austria","Europe & Central Asia","High income"
1637,"2026-05-11 19:48:23","Bulgaria: Plovdiv, University Hospital Kaspela","Bulgaria","Europe & Central Asia","High income"
1638,"2026-05-11 19:56:08","Greece: Athens, Laiko University Hospital","Greece","Europe & Central Asia","High income"
1639,"2026-05-11 19:58:41","Nigeria: Jos, Faith Alive Foundation","Nigeria","Sub-Saharan Africa","Lower middle income"
1640,"2026-05-11 20:08:18","Bulgaria: Plovdiv, University Hospital Kaspela","Bulgaria","Europe & Central Asia","High income"
1641,"2026-05-11 20:27:56","United Kingdom: Cambridge, Addenbrooke's Hospital","United Kingdom","Europe & Central Asia","High income"
1642,"2026-05-11 20:47:49","Ireland: Kilkenny, St Lukes Hospital","Ireland","Europe & Central Asia","High income"
1643,"2026-05-11 21:03:53","Brazil: São Paulo, Hospital São Paulo","Brazil","Latin America & Caribbean","Upper middle income"
1644,"2026-05-11 21:22:49","Italy: Rome, Fondazione Policlinico Universitario Agostino Gemelli","Italy","Europe & Central Asia","High income"
1645,"2026-05-11 21:30:58","Ethiopia: Addis Ababa, Lancet Specialized Hospital","Ethiopia","Sub-Saharan Africa","Low income"
1646,"2026-05-11 22:29:32","Ghana: Tamale, Tamale Teaching Hospital","Ghana","Sub-Saharan Africa","Lower middle income"
1647,"2026-05-11 22:48:51","Australia: Newcastle, John Hunter Hospital","Australia","East Asia & Pacific","High income"
1648,"2026-05-11 22:54:08","Brazil: São Paulo, Hospital São Paulo","Brazil","Latin America & Caribbean","Upper middle income"
1649,"2026-05-11 23:38:42","Nigeria: Zaria, Ahmadu Bello University Teaching Hospital","Nigeria","Sub-Saharan Africa","Lower middle income"
1650,"2026-05-11 23:42:10","Ireland: Cavan, Cavan General Hospital","Ireland","Europe & Central Asia","High income"
1651,"2026-05-12 02:09:45","Japan: Aichi, Nagoya University School of Medicine","Japan","East Asia & Pacific","High income"
1652,"2026-05-12 02:13:28","Sri Lanka: Jaffna, Teaching Hospital, Jaffna","Sri Lanka","South Asia","Lower middle income"
1653,"2026-05-12 02:45:44","Japan: Nara, Nara Medical University","Japan","East Asia & Pacific","High income"
1654,"2026-05-12 03:37:22","India: Ludhiana, Satguru Partap Singh Hospital","India","South Asia","Lower middle income"
1655,"2026-05-12 04:21:04","Ecuador: Quito, Hospital General IESS Quito Sur","Ecuador","Latin America & Caribbean","Upper middle income"
1656,"2026-05-12 04:39:05","United Kingdom: Derby, Royal Derby Hospital","United Kingdom","Europe & Central Asia","High income"
1657,"2026-05-12 05:04:23","Argentina: Provincia De Buenos Aires, Hospital Prof Dr Bernardo A Houssay","Argentina","Latin America & Caribbean","Upper middle income"
1658,"2026-05-12 06:08:34","Pakistan: Karachi, Patel Hospital","Pakistan","South Asia","Lower middle income"
1659,"2026-05-12 06:09:49","Canada: north vancouver, lions gate hospital","Canada","North America","High income"
1660,"2026-05-12 06:12:30","Turkey: Istanbul, Istanbul Medeniyet University, School of Medicine","Turkey","Europe & Central Asia","Upper middle income"
1661,"2026-05-12 06:22:08","Turkey: Istanbul, Istanbul Medeniyet University, School of Medicine","Turkey","Europe & Central Asia","Upper middle income"
1662,"2026-05-12 07:03:08","Spain: Madrid, Hospital Universitario Principe de Asturias","Spain","Europe & Central Asia","High income"
1663,"2026-05-12 07:25:27","India: GORAKHPUR, ALL INDIA INSTITUTE OF MEDICAL SCIENCES, KURNAGHAT, GORAKHPUR, UTTAR PRADESH, AIIMS GORAKHPUR","India","South Asia","Lower middle income"
1664,"2026-05-12 07:31:36","Egypt: Damietta, Damietta cardiac and gastroentestinal specialized center","Egypt","Middle East & North Africa","Lower middle income"
1665,"2026-05-12 08:01:31","Russian Federation: Nizhny Novgorod, Nizhny Novgorod regional clinical hospital","Russian Federation","Europe & Central Asia","High income"
1666,"2026-05-12 08:30:30","United Kingdom: Plymouth, Derriford Hospital","United Kingdom","Europe & Central Asia","High income"
1667,"2026-05-12 09:00:48","Greece: Larissa, University General Hospital of Larissa","Greece","Europe & Central Asia","High income"
1668,"2026-05-12 09:05:24","Greece: Larissa, University General Hospital of Larissa","Greece","Europe & Central Asia","High income"
1669,"2026-05-12 09:07:27","Greece: Larrisa, General University Hospital of Larissa","Greece","Europe & Central Asia","High income"
1670,"2026-05-12 09:07:45","Greece: Larissa, University General Hospital of Larissa","Greece","Europe & Central Asia","High income"
1671,"2026-05-12 09:44:07","Italy: Verona, Borgo Roma Hospital, Azienda Ospedaliera Universitaria Integrata di Verona","Italy","Europe & Central Asia","High income"
1672,"2026-05-12 10:11:14","Greece: Larissa, University General Hospital of Larissa","Greece","Europe & Central Asia","High income"
1673,"2026-05-12 10:51:11","Egypt: Alexandria, Alexandria Main University Hospital","Egypt","Middle East & North Africa","Lower middle income"
1674,"2026-05-12 11:54:47","Egypt: Damietta, Damietta Specialized Hospital","Egypt","Middle East & North Africa","Lower middle income"
1675,"2026-05-12 12:54:12","Spain: Madrid, Hospital Universitario Infanta Cristina","Spain","Europe & Central Asia","High income"
1676,"2026-05-12 13:32:02","Bulgaria: Pleven, Heart and Brain - Pleven Hospital","Bulgaria","Europe & Central Asia","High income"
1677,"2026-05-12 13:48:54","Israel: Haifa, Carmel","Israel","Middle East & North Africa","High income"
1678,"2026-05-12 14:33:40","United Arab Emirates: Dubai, American Hospital Dubai","United Arab Emirates","Middle East & North Africa","High income"
1679,"2026-05-12 14:35:47","United Arab Emirates: Abu Dhabi, Sheikh Shakhbout Medical City","United Arab Emirates","Middle East & North Africa","High income"
1680,"2026-05-12 14:43:56","United Arab Emirates: Dubai, Al Jalila Children's Speciality Hospital","United Arab Emirates","Middle East & North Africa","High income"
1681,"2026-05-12 14:54:20","United Arab Emirates: Abu Dhabi, Sheikh Shakhbout Medical City","United Arab Emirates","Middle East & North Africa","High income"
1682,"2026-05-12 14:56:09","United Arab Emirates: Dubai, Al Jalila Children's Speciality Hospital","United Arab Emirates","Middle East & North Africa","High income"
1683,"2026-05-12 14:58:32","United Arab Emirates: Dubai, Mediclinic Parkview Hospital","United Arab Emirates","Middle East & North Africa","High income"
1684,"2026-05-12 14:59:10","Iraq: Sulaymaniyah, Shar hospital","Iraq","Middle East & North Africa","Upper middle income"
1685,"2026-05-12 15:02:27","Iraq: Sulaymaniyah, Shar hospital","Iraq","Middle East & North Africa","Upper middle income"
1686,"2026-05-12 15:12:47","Greece: Athens, Naval And Veterans Hospital","Greece","Europe & Central Asia","High income"
1687,"2026-05-12 15:30:49","United Arab Emirates: Dubai, Rashid Hospital","",,
1688,"2026-05-07 17:54:36","Turkey: istanbul, halic university faculty of medicine memorial hospital","Turkey","Europe & Central Asia","Upper middle income"
1689,"2026-05-10 16:17:54","India: raipur, balco medical centre","India","South Asia","Lower middle income"
1690,"2026-05-12 11:08:52","Greece: athens, penteli general children hospital","Greece","Europe & Central Asia","High income"
1691,"2026-05-12 11:44:18","Egypt: Shebeen Elkoom, Shebeen Elkoom Hospital","Egypt","Middle East & North Africa","Lower middle income"
1692,"2026-05-12 15:05:36","United Arab Emirates: dubai, king s college hospital london dubai","United Arab Emirates","Middle East & North Africa","High income"
1693,"2026-05-12 15:39:34","United Arab Emirates: Dubai, Al Jalila Children's Speciality Hospital","United Arab Emirates","Middle East & North Africa","High income"
1694,"2026-05-12 15:49:38","United Arab Emirates: Dubai, Al Jalila Children's Speciality Hospital","United Arab Emirates","Middle East & North Africa","High income"
1695,"2026-05-12 15:50:32","United Arab Emirates: Dubai, Al Jalila Children's Speciality Hospital","United Arab Emirates","Middle East & North Africa","High income"
1696,"2026-05-12 15:50:45","United Arab Emirates: Dubai, Al Jalila Children's Speciality Hospital","United Arab Emirates","Middle East & North Africa","High income"
1697,"2026-05-12 15:52:38","United Arab Emirates: Dubai, Al Jalila Children's Speciality Hospital","United Arab Emirates","Middle East & North Africa","High income"
1698,"2026-05-12 15:56:54","Libya: Tripoli, Donia-alfarah","Libya","Middle East & North Africa","Upper middle income"
1699,"2026-05-12 15:58:35","India: Rishikesh, All India Institute of Medical Sciences (Aiims)","India","South Asia","Lower middle income"
1700,"2026-05-12 16:04:22","United Arab Emirates: Sharjah, Al-Qassimi hospital","United Arab Emirates","Middle East & North Africa","High income"
1701,"2026-05-12 16:06:15","United Arab Emirates: Dubai, Al Jalila Children's Speciality Hospital","United Arab Emirates","Middle East & North Africa","High income"
1702,"2026-05-12 16:09:14","Mexico: Mexico City, Hospital General Dr. Manuel Gea González","Mexico","Latin America & Caribbean","Upper middle income"
1703,"2026-05-12 16:13:35","Turkey: Istanbul, Istanbul Medeniyet University, School of Medicine","Turkey","Europe & Central Asia","Upper middle income"
1704,"2026-05-12 16:14:57","United Arab Emirates: Sharjah, Al-Qassimi hospital","United Arab Emirates","Middle East & North Africa","High income"
1705,"2026-05-12 16:17:32","United Arab Emirates: Dubai, Al Jalila Children's Speciality Hospital","United Arab Emirates","Middle East & North Africa","High income"
1706,"2026-05-12 16:20:33","United Arab Emirates: Dubai, Rashid Hospital","United Arab Emirates","Middle East & North Africa","High income"
1707,"2026-05-12 16:25:09","United Arab Emirates: Dubai, Al Jalila Children's Speciality Hospital","United Arab Emirates","Middle East & North Africa","High income"
1708,"2026-05-12 16:26:57","Pakistan: faisalabad, children hospital and institute of child health faisalabad","Pakistan","South Asia","Lower middle income"
1709,"2026-05-12 16:32:46","United Arab Emirates: Abu Dhabi, Mediclinic Airport Road Hospital Abu Dhabi","United Arab Emirates","Middle East & North Africa","High income"
1710,"2026-05-12 16:50:04","United Arab Emirates: Dubai, Al Jalila Children's Speciality Hospital","United Arab Emirates","Middle East & North Africa","High income"
1711,"2026-05-12 16:52:06","United Arab Emirates: Dubai, Mediclinic City Hospital Dubai","United Arab Emirates","Middle East & North Africa","High income"
1712,"2026-05-12 17:02:03","United Arab Emirates: Dubai, Al Jalila Children's Speciality Hospital","United Arab Emirates","Middle East & North Africa","High income"
1713,"2026-05-12 17:04:04","United Arab Emirates: Dubai, Al Jalila Children's Speciality Hospital","United Arab Emirates","Middle East & North Africa","High income"
1714,"2026-05-12 17:15:25","United Arab Emirates: Dubai, Al Jalila Children's Speciality Hospital","United Arab Emirates","Middle East & North Africa","High income"
1715,"2026-05-12 17:16:01","United Arab Emirates: Abu Dhabi, Sheikh Shakhbout Medical City","United Arab Emirates","Middle East & North Africa","High income"
1716,"2026-05-12 17:29:18","Russian Federation: nizhniy novgorod, Nizhegorodskaya Oblastnaya Klinicheskaya Bol'nitsa Im.semashko","Russian Federation","Europe & Central Asia","High income"
1717,"2026-05-12 17:39:43","United Arab Emirates: Dubai, Al Jalila Children's Speciality Hospital","United Arab Emirates","Middle East & North Africa","High income"
1718,"2026-05-12 17:40:53","United Arab Emirates: dubai, king s college hospital london dubai","United Arab Emirates","Middle East & North Africa","High income"
1719,"2026-05-12 17:43:03","United Arab Emirates: Abu Dhabi, Sheikh Shakhbout Medical City","United Arab Emirates","Middle East & North Africa","High income"
1720,"2026-05-12 17:44:03","United Arab Emirates: Dubai, Al Jalila Children's Speciality Hospital","United Arab Emirates","Middle East & North Africa","High income"
1721,"2026-05-12 18:13:13","Romania: Cluj Napoca, County Emergency Clinical Hospital Cluj Napoca, First Surgery Department","Romania","Europe & Central Asia","High income"
1722,"2026-05-12 18:46:57","United Arab Emirates: Dubai, Mediclinic City Hospital Dubai","United Arab Emirates","Middle East & North Africa","High income"
1723,"2026-05-12 19:41:00","United Arab Emirates: Dubai, Dubai Hospital","United Arab Emirates","Middle East & North Africa","High income"
1724,"2026-05-12 19:46:36","Spain: San Sebastian De Los Reyes, Infanta Sofía University Hospital","Spain","Europe & Central Asia","High income"
1725,"2026-05-12 19:50:28","Russian Federation: Samara, Hospital Surgery Clinic of Samara State Medical University","Russian Federation","Europe & Central Asia","High income"
1726,"2026-05-12 20:29:20","Germany: bayreuth, klinikum bayreuth","Germany","Europe & Central Asia","High income"
1727,"2026-05-12 21:57:36","Japan: Fukui, University of Fukui","Japan","East Asia & Pacific","High income"
1728,"2026-05-12 22:01:47","Japan: Fukui, University of Fukui","Japan","East Asia & Pacific","High income"
1729,"2026-05-12 22:09:42","Iraq: Erbil, Rojhalat emergency hospital","Iraq","Middle East & North Africa","Upper middle income"
1730,"2026-05-13 00:10:35","Greece: Patras, Karamandaneio Prefecture Children Hospital of Patras","Greece","Europe & Central Asia","High income"
1731,"2026-05-13 00:32:37","Egypt: Beni Suef, Beni Suef University Hospital","Egypt","Middle East & North Africa","Lower middle income"
1732,"2026-05-13 02:51:56","Paraguay: Asunción, Hospital de Trauma","Paraguay","Latin America & Caribbean","Upper middle income"
1733,"2026-05-13 05:59:48","Greece: Thessaloniki, O Agios Dimitrios General Hospital","Greece","Europe & Central Asia","High income"
1734,"2026-05-13 06:13:47","United Kingdom: St.helier, Jersey General Hospital","United Kingdom","Europe & Central Asia","High income"
1735,"2026-05-13 06:16:22","United Kingdom: St.helier, Jersey General Hospital","United Kingdom","Europe & Central Asia","High income"
1736,"2026-05-13 07:12:45","Kazakhstan: Almaty, JSC 'Central Clinical Hospital'","Kazakhstan","Europe & Central Asia","Upper middle income"
1737,"2026-05-13 08:16:54","Philippines: Manila, Philippine General Hospital, University Of The Philippines Manila","Philippines","East Asia & Pacific","Lower middle income"
1738,"2026-05-13 08:32:08","United Kingdom: Birmingham, Sandwell General Hospital","United Kingdom","Europe & Central Asia","High income"
1739,"2026-05-13 09:51:47","Pakistan: Karachi, Aga Khan University","Pakistan","South Asia","Lower middle income"
1740,"2026-05-13 09:59:34","Lithuania: Vilnius, Republican Vilnius University Hospital","Lithuania","Europe & Central Asia","High income"
1741,"2026-05-13 10:23:47","United Kingdom: Maidstone, Tunbridge Wells Hospital","United Kingdom","Europe & Central Asia","High income"
1742,"2026-05-13 10:25:05","Australia: Brisbane, Queen Elizabeth 2 Jubilee Hospital","Australia","East Asia & Pacific","High income"
1743,"2026-05-13 10:35:21","Turkey: Istanbul, Koç University Medical School","Turkey","Europe & Central Asia","Upper middle income"
1744,"2026-05-13 10:40:58","Greece: Athens, 417 Army Equity Fund Hospital","Greece","Europe & Central Asia","High income"
1745,"2026-05-13 10:45:32","United Kingdom: Llantrisant, Royal Glamorgan Hospital","United Kingdom","Europe & Central Asia","High income"
1746,"2026-05-13 11:41:23","United Kingdom: Keighley, Airedale NHS Foundation Trust","United Kingdom","Europe & Central Asia","High income"
1747,"2026-05-13 11:47:35","Greece: Thessaloniki, Ahepa university Hospital","Greece","Europe & Central Asia","High income"
1748,"2026-05-13 11:55:35","Italy: Zingonia (Bg), Policlinico San Marco","Italy","Europe & Central Asia","High income"
1749,"2026-05-13 11:58:48","United Kingdom: Swindon, Great Western Hospital","United Kingdom","Europe & Central Asia","High income"
1750,"2026-05-13 12:05:00","Turkey: Istanbul, Sultan 2. Abdulhamid Han Training and Research Hospital, University of Health Sciences","Turkey","Europe & Central Asia","Upper middle income"
1751,"2026-05-13 12:56:04","Spain: Madrid, Hospital Universitario del Sureste","Spain","Europe & Central Asia","High income"
1752,"2026-05-13 13:08:06","Italy: Luino, Ospedale Luini Confalonieri","Italy","Europe & Central Asia","High income"
1753,"2026-05-13 13:20:35","Dominican Republic: Santo Domingo, Hospital General Plaza de la Salud","Dominican Republic","Latin America & Caribbean","Upper middle income"
1754,"2026-05-13 13:22:31","Dominican Republic: Santo Domingo, Hospital General Plaza de la Salud","Dominican Republic","Latin America & Caribbean","Upper middle income"
1755,"2026-05-13 13:27:02","Egypt: Assiut, Assiut University Hospital","Egypt","Middle East & North Africa","Lower middle income"
1756,"2026-05-13 13:30:41","Egypt: Assiut, Assiut University Hospital","Egypt","Middle East & North Africa","Lower middle income"
1757,"2026-05-13 13:55:26","Yemen, Rep.: Sana'a , Yemen, United Specialized Hospital","Yemen, Rep.","Middle East & North Africa","Low income"
1758,"2026-05-13 14:23:02","United Kingdom: St.helier, Jersey General Hospital","United Kingdom","Europe & Central Asia","High income"
1759,"2026-05-13 14:40:50","Indonesia: Yogyakarta, Central General Hospital dr. Sardjito","Indonesia","East Asia & Pacific","Upper middle income"
1760,"2026-05-13 14:47:34","Yemen, Rep.: Sana'a, Al-Thawra Modern General Hospital","Yemen, Rep.","Middle East & North Africa","Low income"
1761,"2026-05-13 14:48:10","Italy: Luino, Ospedale Luini Confalonieri","Italy","Europe & Central Asia","High income"
1762,"2026-05-13 14:48:19","Indonesia: Badung, Bali, Udayana University Hospital","Indonesia","East Asia & Pacific","Upper middle income"
1763,"2026-05-13 15:03:10","Brazil: Sao Paulo, Instituto do Cancer do Estado de São Paulo","Brazil","Latin America & Caribbean","Upper middle income"
1764,"2026-05-13 15:46:24","Italy: Rome, Ospedale Santo Spirito in Sassia","Italy","Europe & Central Asia","High income"
1765,"2026-05-13 15:51:20","Greece: Athens, Evaggelismos General Hospital","Greece","Europe & Central Asia","High income"
1766,"2026-05-13 15:55:05","United Kingdom: North Shields, Northumbria NHS Hospital Trust","United Kingdom","Europe & Central Asia","High income"
1767,"2026-05-13 16:43:36","Chile: Santiago, Instituto Oncologico Fundacion Arturo Lopez Perez","Chile","Latin America & Caribbean","High income"
1768,"2026-05-13 16:54:49","Yemen, Rep.: Sana'a, Yemeni Egyptian Hospital","Yemen, Rep.","Middle East & North Africa","Low income"
1769,"2026-05-13 16:56:03","Nepal: Kathmandu, Nepal, Tribhuvan University Teaching Hospital","Nepal","South Asia","Lower middle income"
1770,"2026-05-13 16:56:41","Yemen, Rep.: Sana'a, YEMENI FRENCH HOSPITAL","Yemen, Rep.","Middle East & North Africa","Low income"
1771,"2026-05-13 17:12:15","Kenya: Nairobi, Aar Hospital","Kenya","Sub-Saharan Africa","Lower middle income"
1772,"2026-05-13 17:13:50","Kenya: Nairobi, 3rd Park Hospital","Kenya","Sub-Saharan Africa","Lower middle income"
1773,"2026-05-13 17:16:35","Somalia: Mogadishu, Mogadişu Somali Türkiye Recep Tayyip Erdoğan Eğitim Ve Araştırma Hastanesi","Somalia","Sub-Saharan Africa","Low income"
1774,"2026-05-13 17:19:46","India: pondicherry, Jawaharlal institute of post graduate medical education and research","India","South Asia","Lower middle income"
1775,"2026-05-13 17:56:06","Pakistan: islamabad, farooq teaching hospital","Pakistan","South Asia","Lower middle income"
1776,"2026-05-13 17:58:20","Romania: Iasi, Saint Mary Emergency Children Hospital","Romania","Europe & Central Asia","High income"
1777,"2026-05-13 17:58:47","Greece: Kavala, Kavala General Hospital","Greece","Europe & Central Asia","High income"
1778,"2026-05-13 18:02:34","Cyprus: limassol, german oncology center","Cyprus","Europe & Central Asia","High income"
1779,"2026-05-13 18:14:44","Greece: Athens, Evaggelismos General Hospital","Greece","Europe & Central Asia","High income"
1780,"2026-05-13 18:17:18","Iraq: Babil, Al Imam Al sadiq teaching hospital","Iraq","Middle East & North Africa","Upper middle income"
1781,"2026-05-13 18:17:34","Greece: Athens, Evaggelismos General Hospital","Greece","Europe & Central Asia","High income"
1782,"2026-05-13 18:20:30","United Kingdom: London, King's College Hospital","United Kingdom","Europe & Central Asia","High income"
1783,"2026-05-13 18:43:24","Sri Lanka: Colombo, National Hospital of Sri Lanka","Sri Lanka","South Asia","Lower middle income"
1784,"2026-05-13 18:46:46","United Kingdom: Belfast, Royal Victoria Hospital","United Kingdom","Europe & Central Asia","High income"
1785,"2026-05-13 18:49:43","United Kingdom: Edinburgh, Royal Infirmary of Edinburgh","United Kingdom","Europe & Central Asia","High income"
1786,"2026-05-13 18:52:51","Libya: Tripoli, Metiga Hospital","Libya","Middle East & North Africa","Upper middle income"
1787,"2026-05-13 19:08:51","Egypt: Assiut, South Egypt Cancer Institute And Hospital","Egypt","Middle East & North Africa","Lower middle income"
1788,"2026-05-13 19:15:20","Spain: La Laguna, Hospital Universitario de Canarias La Laguna","Spain","Europe & Central Asia","High income"
1789,"2026-05-13 19:27:21","Turkey: Istanbul, Kanuni Sultan Suleyman Training and Research Hospital","Turkey","Europe & Central Asia","Upper middle income"
1790,"2026-05-13 19:33:58","Turkey: Ankara, Etlik City Hospital","Turkey","Europe & Central Asia","Upper middle income"
1791,"2026-05-13 19:51:19","United Kingdom: Bristol, Bristol Royal Hospital for Children","United Kingdom","Europe & Central Asia","High income"
1792,"2026-05-13 20:02:23","Netherlands: Amsterdam, Amsterdam UMC, University of Amsterdam","Netherlands","Europe & Central Asia","High income"
1793,"2026-05-13 20:05:48","France: Pau, CH de Pau","France","Europe & Central Asia","High income"
1794,"2026-05-13 20:08:34","Italy: torino, irccs fondazione del piemonte per l oncologia","Italy","Europe & Central Asia","High income"
1795,"2026-05-13 20:17:54","Palestine: Jenin, West Bank, The Martyr Dr. Khalil Sulaiman Hospital (Jenin Governmental Hospital)","Palestine","Middle East & North Africa","Lower middle income"
1796,"2026-05-13 20:46:59","Ireland: Kilkenny, St Lukes Hospital","Ireland","Europe & Central Asia","High income"
1797,"2026-05-13 20:51:56","","",,
1798,"2026-05-13 20:53:28","Spain: Valencia, Hospital Clínico Universitario de Valencia","Spain","Europe & Central Asia","High income"
1799,"2026-05-13 20:57:59","United Kingdom: Worcester, Worcestershire Royal Hospital","United Kingdom","Europe & Central Asia","High income"
1800,"2026-05-13 21:17:59","United Kingdom: Preston, Royal Preston Hospital","United Kingdom","Europe & Central Asia","High income"
1801,"2026-05-13 21:46:05","United Kingdom: Bedford, Bedford Hospital","United Kingdom","Europe & Central Asia","High income"
1802,"2026-05-13 21:56:00","United States: Minneapolis, Minnesota, Hennepin Healthcare","United States","North America","High income"
1803,"2026-05-13 23:05:53","United States: West Palm Beach, St. Mary's Medical Center","United States","North America","High income"
1804,"2026-05-13 23:09:11","United States: Minneapolis, Minnesota, Hennepin Healthcare","United States","North America","High income"
1805,"2026-05-13 23:39:30","Nigeria: Ibadan, University College Hospital","Nigeria","Sub-Saharan Africa","Lower middle income"
1806,"2026-05-14 00:00:43","United Kingdom: Plymouth, Derriford Hospital","United Kingdom","Europe & Central Asia","High income"
1807,"2026-05-14 01:02:08","Colombia: Cartagena, Hospital Serena del Mar","Colombia","Latin America & Caribbean","Upper middle income"
1808,"2026-05-14 01:22:17","Philippines: Manila, Philippine General Hospital, University Of The Philippines Manila","Philippines","East Asia & Pacific","Lower middle income"
1809,"2026-05-14 01:27:39","Malaysia: Cukai, Hospital Kemaman","Malaysia","East Asia & Pacific","Upper middle income"
1810,"2026-05-14 01:32:50","Philippines: Manila, Philippine General Hospital, University Of The Philippines Manila","Philippines","East Asia & Pacific","Lower middle income"
1811,"2026-05-14 02:14:47","Nepal: Kathmandu, Bir Hospital, National Academy of Medical Sciences","Nepal","South Asia","Lower middle income"
1812,"2026-05-14 03:16:40","Yemen, Rep.: Sana'a, Al-Thawra Modern General Hospital","Yemen, Rep.","Middle East & North Africa","Low income"
1813,"2026-05-14 07:09:50","United Kingdom: London, The National Hospital for Neurology and Neurosurgery","United Kingdom","Europe & Central Asia","High income"
1814,"2026-05-14 07:59:28","Saudi Arabia: Riyadh, King Khalid University Hospital","Saudi Arabia","Middle East & North Africa","High income"
1815,"2026-05-14 08:54:57","Philippines: Manila, Philippine General Hospital, University Of The Philippines Manila","Philippines","East Asia & Pacific","Lower middle income"
1816,"2026-05-14 08:55:32","Philippines: Manila, Philippine General Hospital, University Of The Philippines Manila","Philippines","East Asia & Pacific","Lower middle income"
1817,"2026-05-14 09:02:15","United Kingdom: Birmingham, Queen Elizabeth Hospital Birmingham","United Kingdom","Europe & Central Asia","High income"
1818,"2026-05-14 09:06:20","Greece: Athens, General Oncological Hospital Of Kifissia","Greece","Europe & Central Asia","High income"
1819,"2026-05-14 09:22:12","Pakistan: Karachi, Aga Khan University","Pakistan","South Asia","Lower middle income"
1820,"2026-05-14 10:19:59","Sudan: Nyala, Shakireen Medical Clinic","Sudan","Sub-Saharan Africa","Low income"
1821,"2026-05-14 10:22:34","United Kingdom: Cambridge, Addenbrooke's Hospital","United Kingdom","Europe & Central Asia","High income"
1822,"2026-05-14 10:24:27","Libya: Tripoli, Metiga Hospital","Libya","Middle East & North Africa","Upper middle income"
1823,"2026-05-14 10:42:49","Nepal: Bharatpur, Chitwan, Nepal, Bharatpur Hospital","Nepal","South Asia","Lower middle income"
1824,"2026-05-14 10:43:09","Italy: San Donato, IRCCS Policlinico San Donato","Italy","Europe & Central Asia","High income"
1825,"2026-05-14 10:43:41","Italy: San Donato, IRCCS Policlinico San Donato","Italy","Europe & Central Asia","High income"
1826,"2026-05-14 11:04:14","United Kingdom: Dundonald, Ulster Hospital Dundonald","United Kingdom","Europe & Central Asia","High income"
1827,"2026-05-14 11:04:24","India: vijaypur jammu, all india institute of medical sciences","India","South Asia","Lower middle income"
1828,"2026-05-14 11:28:04","Philippines: Manila, Philippine General Hospital, University Of The Philippines Manila","Philippines","East Asia & Pacific","Lower middle income"
1829,"2026-05-14 11:28:41","Romania: Bucharest, Emergency Clinical Hospital Bucharest","Romania","Europe & Central Asia","High income"
1830,"2026-05-14 11:48:17","Iraq: Baghdad, Al Andalus Private Hospital","Iraq","Middle East & North Africa","Upper middle income"
1831,"2026-05-14 14:23:15","Ethiopia: Addis Ababa, Yekatit 12 hospital medical college","Ethiopia","Sub-Saharan Africa","Low income"
1832,"2026-05-14 14:59:35","United Kingdom: Birmingham, Heartlands Hospital","United Kingdom","Europe & Central Asia","High income"
1833,"2026-05-14 15:39:15","Chile: santiago de chile, clinica davila recoleta","Chile","Latin America & Caribbean","High income"
1834,"2026-05-14 15:42:14","Congo, Dem. Rep.: vitshumbi, centre hospitalier de vitsumbi","Congo, Dem. Rep.","Sub-Saharan Africa","Low income"
1835,"2026-05-14 15:50:46","Italy: Aquila, San Salvatore Hospital, University of L'Aquila","Italy","Europe & Central Asia","High income"
1836,"2026-05-14 15:59:49","Congo, Dem. Rep.: rutshuru, rutshuru general hospital","Congo, Dem. Rep.","Sub-Saharan Africa","Low income"
1837,"2026-05-14 17:29:43","United Arab Emirates: Dubai, Al Jalila Children's Speciality Hospital","United Arab Emirates","Middle East & North Africa","High income"
1838,"2026-05-14 18:12:18","Zambia: Lusaka, University Teaching Hospital","Zambia","Sub-Saharan Africa","Lower middle income"
1839,"2026-05-14 18:34:09","Greece: Thessaloniki, G. Gennimatas Thessaloniki General Hospital","Greece","Europe & Central Asia","High income"
1840,"2026-05-14 19:35:22","United Kingdom: Llanyravon, Cwmbran, The Grange University Hospital","United Kingdom","Europe & Central Asia","High income"
1841,"2026-05-14 19:56:23","Greece: Volos, Achillopoyleio General Hospital of Volos","Greece","Europe & Central Asia","High income"
1842,"2026-05-14 20:09:01","Pakistan: Karachi, Creek General Hospital","Pakistan","South Asia","Lower middle income"
1843,"2026-05-14 20:34:53","Yemen, Rep.: Hadhamout, Sayoun General Hospital","Yemen, Rep.","Middle East & North Africa","Low income"
1844,"2026-05-14 20:41:00","Colombia: Cali, Clínica Sebastian de Belalcazar","Colombia","Latin America & Caribbean","Upper middle income"
1845,"2026-05-14 20:43:52","Colombia: Cali, Clínica Sebastian de Belalcazar","Colombia","Latin America & Caribbean","Upper middle income"
1846,"2026-05-14 21:06:24","Italy: Garbagnate Milanese, ASST Rhodense - Ospedale di Garbagnate Milanese","Italy","Europe & Central Asia","High income"
1847,"2026-05-14 21:11:11","Romania: Bucharest, Emergency Clinical Hospital Bucharest","Romania","Europe & Central Asia","High income"
1848,"2026-05-14 21:17:26","Turkey: Antalya, Serik state hospital","Turkey","Europe & Central Asia","Upper middle income"
1849,"2026-05-14 21:28:40","Iraq: Babil, Al Imam Al sadiq teaching hospital","Iraq","Middle East & North Africa","Upper middle income"
1850,"2026-05-14 21:50:58","Iraq: Najaf, Al-Sader Medical City","Iraq","Middle East & North Africa","Upper middle income"
1851,"2026-05-14 22:02:52","Spain: Palencia, Complejo Asistencial Universitario de Palencia","Spain","Europe & Central Asia","High income"
1852,"2026-05-15 00:22:29","United Kingdom: Salford, Salford Royal Hospital","United Kingdom","Europe & Central Asia","High income"
1853,"2026-05-15 01:54:41","Philippines: Manila, Philippine General Hospital, University Of The Philippines Manila","Philippines","East Asia & Pacific","Lower middle income"
1854,"2026-05-15 02:20:56","Tanzania: zanzibar, kitogani district hospital","Tanzania","Sub-Saharan Africa","Lower middle income"
1855,"2026-05-15 03:32:34","Australia: Melbourne, Monash Medical Center","Australia","East Asia & Pacific","High income"
1856,"2026-05-15 04:30:35","Romania: Focsani, Sf. Pantelimon Emergency County Hospital","Romania","Europe & Central Asia","High income"
1857,"2026-05-15 05:04:31","Philippines: Manila, Philippine General Hospital, University Of The Philippines Manila","Philippines","East Asia & Pacific","Lower middle income"
1858,"2026-05-15 05:28:44","Singapore: Singapore, Tan Tock Seng Hospital","Singapore","East Asia & Pacific","High income"
1859,"2026-05-15 06:44:11","Australia: gippsland, wonthaggi hospital","Australia","East Asia & Pacific","High income"
1861,"2026-05-15 04:02:21","Congo, Dem. Rep.: rutshuru, rutshuru general hospital","Congo, Dem. Rep.","Sub-Saharan Africa","Low income"
1862,"2026-05-15 08:46:28","Malta: Msida, Mater Dei Hospital","Malta","Middle East & North Africa","High income"
1863,"2026-05-15 09:10:32","Italy: Varese Lombardy, University of Insubria, Ospedale di Circolo e Fondazione Macchi (Varese)","Italy","Europe & Central Asia","High income"
1864,"2026-05-15 09:12:01","Italy: Varese Lombardy, University of Insubria, Ospedale di Circolo e Fondazione Macchi (Varese)","Italy","Europe & Central Asia","High income"
1865,"2026-05-15 09:16:00","Nepal: Kathmandu, Bir Hospital, National Academy of Medical Sciences","Nepal","South Asia","Lower middle income"
1866,"2026-05-15 09:18:12","India: Mangalagiri, All India Institute of Medical Sciences Mangalagiri","India","South Asia","Lower middle income"
1867,"2026-05-15 09:22:28","Iraq: Erbil, Rozhawa Emergency Hospital","Iraq","Middle East & North Africa","Upper middle income"
1868,"2026-05-15 09:50:18","United Kingdom: Plymouth, Derriford Hospital","United Kingdom","Europe & Central Asia","High income"
1869,"2026-05-15 10:22:13","Italy: Benevento, Ao San Pio","Italy","Europe & Central Asia","High income"
1870,"2026-05-15 10:45:53","Russian Federation: Moscow, IM Sechenov First Moscow State Medical University","Russian Federation","Europe & Central Asia","High income"
1871,"2026-05-15 11:04:28","Russian Federation: Moscow, IM Sechenov First Moscow State Medical University","Russian Federation","Europe & Central Asia","High income"
1872,"2026-05-15 11:09:28","Russian Federation: Moscow, IM Sechenov First Moscow State Medical University","Russian Federation","Europe & Central Asia","High income"
1873,"2026-05-15 12:57:02","Egypt: Benha, Benha University Hospital","Egypt","Middle East & North Africa","Lower middle income"
1874,"2026-05-15 13:12:07","Philippines: Manila, Philippine General Hospital, University Of The Philippines Manila","Philippines","East Asia & Pacific","Lower middle income"
1875,"2026-05-15 13:32:01","United States: Charleston, Medical University of South Carolina","United States","North America","High income"
1876,"2026-05-15 13:55:09","Egypt: Benha, Benha University Hospital","Egypt","Middle East & North Africa","Lower middle income"
1877,"2026-05-15 14:03:26","Philippines: Manila, Philippine General Hospital, University Of The Philippines Manila","Philippines","East Asia & Pacific","Lower middle income"
1878,"2026-05-15 14:05:41","Egypt: Benha, Benha University Hospital","Egypt","Middle East & North Africa","Lower middle income"
1879,"2026-05-15 15:34:57","Morocco: Rabat, Centre Hospitalier Universitaire Ibn Sina Rabat","Morocco","Middle East & North Africa","Lower middle income"
1880,"2026-05-15 16:08:31","United Kingdom: Maidstone, Tunbridge Wells Hospital","United Kingdom","Europe & Central Asia","High income"
1881,"2026-05-15 17:08:26","Greece: Thessaloniki, Ahepa university Hospital","Greece","Europe & Central Asia","High income"
1882,"2026-05-15 17:51:03","Yemen, Rep.: Sana'a, Al-Thawra Modern General Hospital","Yemen, Rep.","Middle East & North Africa","Low income"
1883,"","","",,
1884,"2026-05-15 18:10:31","Egypt: Benha, Benha University Hospital","Egypt","Middle East & North Africa","Lower middle income"
1885,"2026-05-15 18:23:53","Croatia: Zadar, Zadar General Hospital","Croatia","Europe & Central Asia","High income"
1886,"2026-05-15 19:32:13","Bosnia and Herzegovina: Sarajevo, Clinical Center University of Sarajevo","",,
1887,"2026-05-15 19:56:36","United Kingdom: Edinburgh, Royal Infirmary of Edinburgh","United Kingdom","Europe & Central Asia","High income"
1888,"2026-05-15 20:08:31","South Africa: Kimberley, Kimberley Provincial Hospital","South Africa","Sub-Saharan Africa","Upper middle income"
1889,"2026-05-15 20:24:53","Nigeria: Ilorin, University of Ilorin Teaching Hospital","Nigeria","Sub-Saharan Africa","Lower middle income"
1890,"2026-05-15 20:39:31","Egypt: Cairo, Al-Hussein University Hospital, Faculty Of Medicine, Al-Azhar University, Cairo, Egypt","Egypt","Middle East & North Africa","Lower middle income"
1891,"2026-05-15 21:28:51","Yemen, Rep.: Sana'a, Martyr Abu Harb Al- Molsi Charitable Hospital","Yemen, Rep.","Middle East & North Africa","Low income"
1892,"2026-05-15 21:31:43","Yemen, Rep.: sana'a, YEMENI JORDANIAN HOSPITAL","Yemen, Rep.","Middle East & North Africa","Low income"
1893,"2026-05-15 21:50:49","Germany: Cologne, University Hospital of Cologne","Germany","Europe & Central Asia","High income"
1894,"2026-05-15 21:54:22","Egypt: Benha, Benha University Hospital","Egypt","Middle East & North Africa","Lower middle income"
1895,"2026-05-15 23:19:51","Turkey: Istanbul, Istanbul Medeniyet University, School of Medicine","Turkey","Europe & Central Asia","Upper middle income"
1896,"2026-05-16 03:42:53","India: Mangalore, Yenepoya medical college hospital","India","South Asia","Lower middle income"
1897,"2026-05-16 03:45:56","Congo, Dem. Rep.: Goma, HEAL Africa Hospital","Congo, Dem. Rep.","Sub-Saharan Africa","Low income"
1898,"2026-05-16 07:59:27","Yemen, Rep.: Sana'a, Al -Kuwait Teaching Hospital","Yemen, Rep.","Middle East & North Africa","Low income"
1899,"2026-05-16 08:34:02","Yemen, Rep.: Sana'a, Al-Thawra Modern General Hospital","Yemen, Rep.","Middle East & North Africa","Low income"
1900,"2026-05-16 08:38:16","Australia: Melbourne, The Royal Melbourne Hospital","Australia","East Asia & Pacific","High income"
1901,"2026-05-16 09:24:41","United Kingdom: Sutton-In-Ashfield, Kings Mill Hospital","United Kingdom","Europe & Central Asia","High income"
1902,"2026-05-16 09:47:22","Spain: Madrid, Hospital General Universitario Gregorio Marañón","Spain","Europe & Central Asia","High income"
1903,"2026-05-16 09:48:44","Ethiopia: Addis Ababa, Zewditu Memorial Hospital","Ethiopia","Sub-Saharan Africa","Low income"
1904,"2026-05-16 10:53:37","Turkey: Izmir, Bakircay University Cigli Training and Research Hospital","Turkey","Europe & Central Asia","Upper middle income"
1905,"2026-05-16 11:40:09","Yemen, Rep.: Sana'a, Al-Thawra Modern General Hospital","Yemen, Rep.","Middle East & North Africa","Low income"
1906,"2026-05-16 11:57:18","Turkey: Van, University of Health Science Van Training and Research Hospital","Turkey","Europe & Central Asia","Upper middle income"
1907,"2026-05-16 12:03:53","Kuwait: Kuwait, Jaber Al Ahmad Al Sabah Hospital","Kuwait","Middle East & North Africa","High income"
1908,"2026-05-16 13:37:38","Japan: Saitama, Saitama Medical Center, Saitama Medical University","Japan","East Asia & Pacific","High income"
1909,"2026-05-16 16:59:23","United Kingdom: London, Charing Cross Hospital","United Kingdom","Europe & Central Asia","High income"
1910,"2026-05-16 18:05:02","Jordan: Amman, Al-Basheer Hospital","Jordan","Middle East & North Africa","Lower middle income"
1911,"2026-05-16 19:26:43","United Kingdom: Bristol, Southmead Hospital","United Kingdom","Europe & Central Asia","High income"
1912,"2026-05-16 21:13:03","Paraguay: San Lorenzo, Hospital De Clínicas","Paraguay","Latin America & Caribbean","Upper middle income"
1913,"2026-05-16 22:35:52","United Kingdom: Plymouth, University Hospitals Plymouth","United Kingdom","Europe & Central Asia","High income"
1915,"2026-05-17 03:28:32","Nigeria: Enugu, university of Nigeria teaching hospital ituku ozalla Enugu","Nigeria","Sub-Saharan Africa","Lower middle income"
1916,"2026-05-17 08:43:41","Iraq: Erbil, Rojhalat emergency hospital","Iraq","Middle East & North Africa","Upper middle income"
1917,"2026-05-17 09:11:14","Ethiopia: Mekelle, Mekelle University Ayder Comprehensive Specialised Hospital","Ethiopia","Sub-Saharan Africa","Low income"
1918,"2026-05-17 09:12:49","Qatar: Doha, Hamad General Hospital","Qatar","Middle East & North Africa","High income"
1919,"2026-05-17 09:49:48","United Kingdom: Belfast, Royal Victoria Hospital","United Kingdom","Europe & Central Asia","High income"
1920,"2026-05-17 11:10:32","United Kingdom: Wakefield, Pinderfields Hospital","United Kingdom","Europe & Central Asia","High income"
1921,"2026-05-17 13:07:35","Yemen, Rep.: Sana'a, Yemeni Egyptian Hospital","Yemen, Rep.","Middle East & North Africa","Low income"
1922,"2026-05-17 13:10:40","Serbia: Belgrade, Zvezdara University Medical Center","Serbia","Europe & Central Asia","Upper middle income"
1923,"2026-05-17 16:25:49","Portugal: Castelo Branco, Unidade Local de Saúde de Castelo Branco","Portugal","Europe & Central Asia","High income"
1924,"2026-05-17 17:37:31","Croatia: Cakovec, County Hospital Cakovec","Croatia","Europe & Central Asia","High income"
1925,"2026-05-17 17:39:03","Croatia: Cakovec, County Hospital Cakovec","Croatia","Europe & Central Asia","High income"
1926,"2026-05-17 17:53:14","United Kingdom: Harrow, Northwick Park Hospital","United Kingdom","Europe & Central Asia","High income"
1927,"2026-05-17 18:20:31","Spain: Valencia, Hospital Arnau de Vilanova","Spain","Europe & Central Asia","High income"
1928,"2026-05-17 18:24:28","Greece: Kavala, Kavala General Hospital","Greece","Europe & Central Asia","High income"
1929,"2026-05-17 18:50:46","Bulgaria: Stara Zagora, Trakia Hospital","Bulgaria","Europe & Central Asia","High income"
1930,"2026-05-17 18:56:19","Yemen, Rep.: Amran, National Consultant Hospital","Yemen, Rep.","Middle East & North Africa","Low income"
1931,"2026-05-17 19:05:31","Yemen, Rep.: Amran, President Martyr Al-Sammad Hospital Authority","Yemen, Rep.","Middle East & North Africa","Low income"
1932,"2026-05-17 19:11:33","United Kingdom: Newport, Royal Gwent Hospital","United Kingdom","Europe & Central Asia","High income"
1933,"2026-05-17 19:13:36","Russian Federation: Moscow, IM Sechenov First Moscow State Medical University","Russian Federation","Europe & Central Asia","High income"
1934,"2026-05-17 20:16:49","New Zealand: Wellington, Wellington Regional Hospital","New Zealand","East Asia & Pacific","High income"
1935,"2026-05-17 21:06:12","Italy: Pordenone, Azienda Sanitaria Friuli Occidentale (AS FO)","Italy","Europe & Central Asia","High income"
1936,"2026-05-17 21:23:45","Iraq: Najaf, Al-Najaf Al-Ashraf Teaching Hospital","Iraq","Middle East & North Africa","Upper middle income"
1937,"2026-05-17 23:41:45","Egypt: Benha, Banha Health Insurance Hospital","Egypt","Middle East & North Africa","Lower middle income"
1938,"2026-05-18 01:00:58","Yemen, Rep.: Sana'a, Al-Thawra Modern General Hospital","Yemen, Rep.","Middle East & North Africa","Low income"
1939,"2026-05-18 01:09:13","United Kingdom: Southampton, Southampton General Hospital","United Kingdom","Europe & Central Asia","High income"
1940,"2026-05-18 01:40:27","Sweden: Kristianstad, Central Hospital in Kristianstad","Sweden","Europe & Central Asia","High income"
1941,"2026-05-18 01:50:46","Jordan: Amman, Jordan University Hospital","Jordan","Middle East & North Africa","Lower middle income"
1942,"2026-05-18 06:49:34","Burundi: Bujumbura, Kamenge Military Hospital","Burundi","Sub-Saharan Africa","Low income"
1943,"2026-05-18 07:51:15","United Kingdom: Southampton, Southampton General Hospital","United Kingdom","Europe & Central Asia","High income"
1944,"2026-05-18 08:22:53","Iraq: Najaf, Al-Najaf Al-Ashraf Teaching Hospital","Iraq","Middle East & North Africa","Upper middle income"
1945,"2026-05-18 08:49:20","Russian Federation: Moscow, IM Sechenov First Moscow State Medical University","Russian Federation","Europe & Central Asia","High income"
1946,"2026-05-18 08:56:02","Philippines: Manila, Philippine General Hospital, University Of The Philippines Manila","Philippines","East Asia & Pacific","Lower middle income"
1947,"2026-05-18 09:12:51","Romania: Bucharest, Maria Sklodowska Curie Emergency Hospital","Romania","Europe & Central Asia","High income"
1948,"2026-05-18 09:45:03","Turkey: Istanbul, Acibadem Maslak Hospital","Turkey","Europe & Central Asia","Upper middle income"
1949,"2026-05-18 11:30:23","Ethiopia: Addis Ababa, Zewditu Memorial Hospital","Ethiopia","Sub-Saharan Africa","Low income"
1950,"2026-05-18 11:40:01","Russian Federation: Moscow, IM Sechenov First Moscow State Medical University","Russian Federation","Europe & Central Asia","High income"
1951,"2026-05-18 11:51:24","Ethiopia: Addis Ababa, Zewditu Memorial Hospital","Ethiopia","Sub-Saharan Africa","Low income"
1952,"2026-05-18 13:19:17","Italy: Florence, Careggi university hospital","Italy","Europe & Central Asia","High income"
1953,"2026-05-18 13:50:27","United Kingdom: Southampton, Southampton General Hospital","United Kingdom","Europe & Central Asia","High income"
1954,"2026-05-18 14:41:23","Russian Federation: Moscow, IM Sechenov First Moscow State Medical University","Russian Federation","Europe & Central Asia","High income"
1955,"2026-05-18 14:42:59","Morocco: Rabat, Centre Hospitalier Universitaire Ibn Sina Rabat","Morocco","Middle East & North Africa","Lower middle income"
1956,"2026-05-18 14:43:39","Russian Federation: Moscow, IM Sechenov First Moscow State Medical University","Russian Federation","Europe & Central Asia","High income"
1957,"2026-05-18 15:05:31","Turkey: Istanbul, Bahçelievler State Hospital","Turkey","Europe & Central Asia","Upper middle income"
1958,"2026-05-18 15:06:27","Syrian Arab Republic: Damascus, Al-Mouwasat University Hospital","Syrian Arab Republic","Middle East & North Africa","Low income"
1959,"2026-05-18 15:38:34","Sweden: Uppsala, Uppsala University Hospital","Sweden","Europe & Central Asia","High income"
1960,"2026-05-18 15:43:41","United Kingdom: Cardiff, University Hospital of Wales","United Kingdom","Europe & Central Asia","High income"
1961,"2026-05-18 17:46:39","Cameroon: Bamenda, Nkwen Baptist Hospital","Cameroon","Sub-Saharan Africa","Lower middle income"
1962,"2026-05-18 18:53:36","Portugal: Guimaraes, Hospital da Senhora da Oliveira","Portugal","Europe & Central Asia","High income"
1963,"2026-05-18 19:26:33","Portugal: Santa Maria Da Feira, Centro Hospitalar Entre o Douro e Vouga","Portugal","Europe & Central Asia","High income"
1964,"2026-05-18 19:29:42","Portugal: Guimaraes, Hospital da Senhora da Oliveira","Portugal","Europe & Central Asia","High income"
1965,"2026-05-18 19:32:56","Portugal: Santa Maria Da Feira, Centro Hospitalar Entre o Douro e Vouga","Portugal","Europe & Central Asia","High income"
1966,"2026-05-18 19:38:23","Ireland: Dublin, Beaumont Hospital","Ireland","Europe & Central Asia","High income"
1967,"2026-05-18 20:03:13","Egypt: Menofia, Menofia University Hospital","Egypt","Middle East & North Africa","Lower middle income"
1968,"2026-05-18 20:25:42","Mozambique: Maputo, Maputo Central Hospital","Mozambique","Sub-Saharan Africa","Low income"
1969,"2026-05-18 20:36:22","Paraguay: Fernando de la Mora, Hospital de Especialidades Quirurgicas 'Ingavi'","Paraguay","Latin America & Caribbean","Upper middle income"
1970,"2026-05-18 20:43:12","Kuwait: Farwaniya, Farwaniya Hospital","Kuwait","Middle East & North Africa","High income"
1971,"2026-05-18 20:48:57","Kuwait: Kuwait City, Al Amiri Hospital","Kuwait","Middle East & North Africa","High income"
1972,"2026-05-18 20:53:04","Kuwait: Farwaniya, Farwaniya Hospital","Kuwait","Middle East & North Africa","High income"
1973,"2026-05-19 05:18:08","Japan: Tokyo, Mitsui Memorial Hospital","Japan","East Asia & Pacific","High income"
1974,"2026-05-19 05:39:19","Pakistan: Pakistan: Rawalpindi, Fauji Foundation Hospital","Pakistan","South Asia","Lower middle income"
1975,"2026-05-19 06:23:36","Indonesia: Denpasar, Prof. dr. IGNG Ngoerah General Hospital","Indonesia","East Asia & Pacific","Upper middle income"
1976,"2026-05-19 09:24:00","Tanzania: Moshi, Kilimanjaro Christian Medical Centre","Tanzania","Sub-Saharan Africa","Lower middle income"
1978,"2026-05-13 18:04:23","Yemen, Rep.: Dhamar, Alwehda University Educational Hospital","Yemen, Rep.","Middle East & North Africa","Low income"
1980,"2026-05-15 13:15:35","","",,
1981,"2026-05-15 13:27:59","","",,
1982,"2026-05-15 20:07:44","Greece: Athens, Aretaieio University Hospital","Greece","Europe & Central Asia","High income"
1983,"2026-05-16 19:00:42","Lithuania: Vilnius, National Cancer Institute Vilnius","Lithuania","Europe & Central Asia","High income"
1984,"2026-05-16 21:52:30","Spain: Valladolid, Hospital Clínico Universitario de Valladolid","Spain","Europe & Central Asia","High income"
1985,"2026-05-17 15:52:56","Nepal: bhairahawa, lumbini netralaya","Nepal","South Asia","Lower middle income"
1986,"2026-05-18 05:07:48","El Salvador: san salvador, national hospital saldana","El Salvador","Latin America & Caribbean","Upper middle income"
1987,"2026-05-18 10:58:02","","",,
1988,"2026-05-18 19:27:45","Cameroon: bamenda, akum holy family hospital","Cameroon","Sub-Saharan Africa","Lower middle income"
1989,"2026-05-19 11:47:15","Germany: berlin, bg klinikum unfallkrankenhaus berlin","Germany","Europe & Central Asia","High income"
1990,"2026-05-19 11:59:51","Portugal: Bragança, Unidade Local de Saude do Nordeste","Portugal","Europe & Central Asia","High income"
1991,"2026-05-19 13:21:00","Kenya: Mombasa, Coast Provincial General Hospital","Kenya","Sub-Saharan Africa","Lower middle income"
1992,"2026-05-19 13:24:10","Portugal: Faro, Hospital Faro, Centro Hospitalar Universitario do Algarve","Portugal","Europe & Central Asia","High income"
1993,"2026-05-19 14:41:24","Portugal: Loures, Hospital Beatriz Angelo","Portugal","Europe & Central Asia","High income"
1994,"2026-05-19 14:51:58","United Kingdom: Nottingham, Queens Medical Centre","United Kingdom","Europe & Central Asia","High income"
1995,"2026-05-19 15:09:08","Yemen, Rep.: Sana'a, Al-Thawra Modern General Hospital","Yemen, Rep.","Middle East & North Africa","Low income"
1996,"2026-05-19 15:32:18","Yemen, Rep.: Sana'a, Al -Kuwait Teaching Hospital","Yemen, Rep.","Middle East & North Africa","Low income"
1997,"2026-05-19 16:25:35","United Kingdom: Blackburn, Royal Blackburn Hospital","United Kingdom","Europe & Central Asia","High income"
1998,"2026-05-19 17:02:17","Egypt: Egypt, Helwan University Hospital","Egypt","Middle East & North Africa","Lower middle income"
1999,"2026-05-19 17:10:21","Ireland: Limerick, University Hospital Limerick","Ireland","Europe & Central Asia","High income"
2000,"2026-05-19 17:18:40","Egypt: Alexandria, Alexandria Main University Hospital","Egypt","Middle East & North Africa","Lower middle income"
2001,"2026-05-19 17:55:48","United Kingdom: Maidstone, Tunbridge Wells Hospital","United Kingdom","Europe & Central Asia","High income"
2002,"2026-05-19 17:59:10","United Kingdom: Swindon, Great Western Hospital","United Kingdom","Europe & Central Asia","High income"
2003,"2026-05-19 18:24:22","United Kingdom: London, North Middlesex University Hospital","United Kingdom","Europe & Central Asia","High income"
2004,"2026-05-19 18:24:58","United Kingdom: Swindon, Great Western Hospital","United Kingdom","Europe & Central Asia","High income"
2005,"2026-05-19 18:41:32","United Kingdom: Birmingham, Queen Elizabeth Hospital Birmingham","United Kingdom","Europe & Central Asia","High income"
2006,"2026-05-19 18:56:01","United Kingdom: Edinburgh, Royal Infirmary of Edinburgh","United Kingdom","Europe & Central Asia","High income"
2007,"2026-05-19 19:07:36","United Kingdom: Glasgow, Queen Elizabeth University Hospital","United Kingdom","Europe & Central Asia","High income"
2008,"2026-05-19 19:20:04","United Kingdom: Hull, Hull University Teaching Hospitals NHS Trust","United Kingdom","Europe & Central Asia","High income"
2009,"2026-05-19 19:35:33","United Kingdom: Manchester, Manchester Royal Infirmary","United Kingdom","Europe & Central Asia","High income"
2010,"2026-05-19 19:48:03","United Kingdom: Cambridge, Addenbrooke's Hospital","United Kingdom","Europe & Central Asia","High income"
2011,"2026-05-19 19:55:24","United Kingdom: Blackburn, Royal Blackburn Hospital","United Kingdom","Europe & Central Asia","High income"
2012,"2026-05-19 19:58:12","United Kingdom: Aberdeen, Aberdeen Royal Infirmary","United Kingdom","Europe & Central Asia","High income"
2013,"2026-05-19 19:59:31","United Kingdom: Chester, Countess of Chester Hospital","United Kingdom","Europe & Central Asia","High income"
2014,"2026-05-19 20:05:18","United Kingdom: Glasgow, Glasgow Royal Infirmary","United Kingdom","Europe & Central Asia","High income"
2015,"2026-05-19 20:37:38","United Kingdom: Norwich, Norfolk and Norwich University Hospital","United Kingdom","Europe & Central Asia","High income"
2016,"2026-05-19 22:56:14","Paraguay: Fernando de la Mora, Hospital de Especialidades Quirurgicas 'Ingavi'","Paraguay","Latin America & Caribbean","Upper middle income"
2017,"2026-05-20 01:03:53","Philippines: Manila, Philippine General Hospital, University Of The Philippines Manila","Philippines","East Asia & Pacific","Lower middle income"
2018,"2026-05-20 04:01:16","Nigeria: Ilorin, General Hospital Ilorin","Nigeria","Sub-Saharan Africa","Lower middle income"
2019,"2026-05-20 07:19:41","Turkey: Istanbul, Koç University Medical School","Turkey","Europe & Central Asia","Upper middle income"
2020,"2026-05-20 07:51:15","United Kingdom: Edinburgh, Royal Infirmary of Edinburgh","United Kingdom","Europe & Central Asia","High income"
2021,"2026-05-20 08:13:37","India: Kirkee Pune, MH Khadki","India","South Asia","Lower middle income"
2022,"2026-05-20 08:45:30","United Kingdom: London, St George's Hospital","United Kingdom","Europe & Central Asia","High income"
2023,"2026-05-20 10:09:16","Italy: Lecco, ASST di Lecco - P.O di Lecco","Italy","Europe & Central Asia","High income"
2024,"2026-05-20 10:58:24","Greece: Thessaloniki, 'G.Papanikolaou' General Hopsital of Thessaloniki","Greece","Europe & Central Asia","High income"
2025,"2026-05-20 11:08:42","United Kingdom: London, St Mary's Hospital","United Kingdom","Europe & Central Asia","High income"
2026,"2026-05-20 12:03:11","Iraq: Duhok, Hivi pediatrics hospital","Iraq","Middle East & North Africa","Upper middle income"
2027,"2026-05-20 12:31:31","United Kingdom: Wirral, Wirral University Teaching Hospital","United Kingdom","Europe & Central Asia","High income"
2028,"2026-05-20 12:45:02","United Kingdom: Wolverhampton, New Cross Hospital","United Kingdom","Europe & Central Asia","High income"
2029,"2026-05-20 13:17:25","United Kingdom: Liverpool, Liverpool Heart and Chest Hospital","United Kingdom","Europe & Central Asia","High income"
2030,"2026-05-20 13:42:04","Jordan: Irbid, Princess Basma Hospital","Jordan","Middle East & North Africa","Lower middle income"
2031,"2026-05-20 15:04:47","Kenya: Nairobi, Kenyatta National Hospital","Kenya","Sub-Saharan Africa","Lower middle income"
2032,"2026-05-20 16:24:22","Sudan: Portsudan, Prince Digna Referral Hospital","Sudan","Sub-Saharan Africa","Low income"
2033,"2026-05-20 17:00:00","Italy: Seriate, Ospedale Bolognini","Italy","Europe & Central Asia","High income"
2034,"2026-05-20 17:58:54","Turkey: Istanbul, Başakşehir Çam and Sakura City Hospital","Turkey","Europe & Central Asia","Upper middle income"
2035,"2026-05-20 18:06:11","Spain: Barbastro, Hospital de Barbastro","Spain","Europe & Central Asia","High income"
2036,"2026-05-21 01:27:42","Dominican Republic: Santo Domingo, CEDIMAT - Centro de Diagnóstico, Medicina Avanzada, Laboratorio y Telemedicina","Dominican Republic","Latin America & Caribbean","Upper middle income"
2037,"2026-05-21 01:28:45","Dominican Republic: Santo Domingo, CEDIMAT - Centro de Diagnóstico, Medicina Avanzada, Laboratorio y Telemedicina","Dominican Republic","Latin America & Caribbean","Upper middle income"
2038,"2026-05-21 03:46:35","India: Bhubaneswar, All India Institute Of Medical Sciences - Bhubaneswar","India","South Asia","Lower middle income"
2039,"2026-05-21 05:32:14","Russian Federation: Moscow, Sechenov University UKB 4","Russian Federation","Europe & Central Asia","High income"
2040,"2026-05-21 07:14:42","Malta: Msida, Mater Dei Hospital","Malta","Middle East & North Africa","High income"
2041,"2026-05-21 08:38:18","United Kingdom: Taunton, Musgrove Park Hospital","United Kingdom","Europe & Central Asia","High income"
2042,"2026-05-21 08:49:51","United Kingdom: Harrow, Northwick Park Hospital","United Kingdom","Europe & Central Asia","High income"
2043,"2026-05-21 09:19:30","Russian Federation: Moscow, MEDSI Moscow","Russian Federation","Europe & Central Asia","High income"
2044,"2026-05-21 09:23:07","Egypt: Ismailia, Suez Canal University Hospital","Egypt","Middle East & North Africa","Lower middle income"
2045,"2026-05-21 10:17:21","Sweden: Stockholm, Ersta Hospital","Sweden","Europe & Central Asia","High income"
2046,"2026-05-21 11:45:31","Nepal: Kathmandu, Nepal, Tribhuvan University Teaching Hospital","Nepal","South Asia","Lower middle income"
2047,"2026-05-21 13:25:42","Mexico: guadalajara, Antiguo Hospital Civil de Guadalajara ' Fray Antonio Alcalde' Pediatrico","Mexico","Latin America & Caribbean","Upper middle income"
2048,"2026-05-21 14:01:12","Nigeria: Ile-Ife, Obafemi Awolowo University Teaching Hospitals Complex","Nigeria","Sub-Saharan Africa","Lower middle income"
2049,"2026-05-21 14:12:05","Spain: Sabadell (Barcelona), Corporación Sanitaria Parc Taulí","Spain","Europe & Central Asia","High income"
2050,"2026-05-21 15:55:35","United Kingdom: Newcastle Upon Tyne, Newcastle Upon Tyne Hospitals NHS Foundation Trust","United Kingdom","Europe & Central Asia","High income"
2051,"2026-05-21 16:44:43","Turkey: Erzurum, Atatürk University Faculty of Medicine, Research Hospital","Turkey","Europe & Central Asia","Upper middle income"
2052,"2026-05-21 16:55:50","Malaysia: Puncak Alam, Hospital Al-Sultan Abdullah, Universiti Teknologi MARA","Malaysia","East Asia & Pacific","Upper middle income"
2053,"2026-05-21 17:19:50","Canada: Vancouver, Vancouver General Hospital","Canada","North America","High income"
2054,"2026-05-21 19:31:26","United Kingdom: Paisley, Royal Alexandra Hospital Paisley","United Kingdom","Europe & Central Asia","High income"
2055,"2026-05-21 20:09:14","United Kingdom: Bristol, Southmead Hospital","United Kingdom","Europe & Central Asia","High income"
2056,"2026-05-21 20:18:07","Yemen, Rep.: Sana'a, Al-Thawra Modern General Hospital","Yemen, Rep.","Middle East & North Africa","Low income"
2057,"2026-05-21 20:30:08","Dominican Republic: Santo Domingo, CEDIMAT - Centro de Diagnóstico, Medicina Avanzada, Laboratorio y Telemedicina","Dominican Republic","Latin America & Caribbean","Upper middle income"
2058,"2026-05-21 21:17:44","Egypt: Damietta, New Damietta Al-Azhar University Hospital","Egypt","Middle East & North Africa","Lower middle income"
2059,"2026-05-21 22:17:19","Canada: Vancouver, Vancouver General Hospital","Canada","North America","High income"
2060,"2026-05-21 23:21:36","Italy: Mantova, ASST Mantua","Italy","Europe & Central Asia","High income"
2061,"2026-05-22 01:53:34","Sudan: Berber, Berber Teaching Hospital","Sudan","Sub-Saharan Africa","Low income"
2062,"2026-05-22 06:03:32","United Kingdom: London, Barking, Havering and Redbridge University hospitals NHS Trust","United Kingdom","Europe & Central Asia","High income"
2063,"2026-05-22 06:57:26","Australia: Melbourne, The Royal Melbourne Hospital","Australia","East Asia & Pacific","High income"
2064,"2026-05-22 08:18:55","Italy: Orbetello, San Giovanni di Dio","Italy","Europe & Central Asia","High income"
2065,"2026-05-22 08:45:55","Greece: Athens, Alexandra General Hospital","Greece","Europe & Central Asia","High income"
2066,"2026-05-22 08:50:22","United Kingdom: Warwick, South Warwickshire NHS Foundation Trust","United Kingdom","Europe & Central Asia","High income"
2067,"2026-05-22 10:38:28","United Kingdom: Leeds, St James's University Hospital Leeds","United Kingdom","Europe & Central Asia","High income"
2068,"2026-05-22 13:24:02","United Kingdom: Salford, Salford Royal Hospital","United Kingdom","Europe & Central Asia","High income"
2069,"2026-05-22 13:54:24","Italy: Padova, University of Padova","Italy","Europe & Central Asia","High income"
2070,"2026-05-22 13:55:51","Italy: Padova, University of Padova","Italy","Europe & Central Asia","High income"
2071,"2026-05-22 18:01:47","Algeria: Setif, CHU Saadna Abdennour - Department of General Surgery","Algeria","Middle East & North Africa","Upper middle income"
2072,"2026-05-22 18:12:45","Algeria: Setif, CHU Saadna Abdennour - Department of General Surgery","Algeria","Middle East & North Africa","Upper middle income"
2073,"2026-05-22 18:19:39","Colombia: Bogota, Hospital Universitario Barrios Unidos","Colombia","Latin America & Caribbean","Upper middle income"
2074,"2026-05-22 18:30:55","United Kingdom: Exeter, Royal Devon and Exeter Hospital","United Kingdom","Europe & Central Asia","High income"
2075,"2026-05-22 18:31:07","United Kingdom: Exeter, Royal Devon and Exeter Hospital","United Kingdom","Europe & Central Asia","High income"
2076,"2026-05-22 19:31:53","Sudan: Berber, Berber Teaching Hospital","Sudan","Sub-Saharan Africa","Low income"
2077,"2026-05-22 19:46:32","United Kingdom: Blackburn, East Lancashire Hospitals NHS Trust","United Kingdom","Europe & Central Asia","High income"
2078,"2026-05-23 05:37:40","Mexico: Querétaro, Hospital de especialidades del niño y la mujer","Mexico","Latin America & Caribbean","Upper middle income"
2079,"2026-05-23 09:31:14","Yemen, Rep.: Sana'a, Sollam Ashifaa Hospital","Yemen, Rep.","Middle East & North Africa","Low income"
2080,"2026-05-23 12:32:07","Albania: Tirana, University hospital Koco Gliozheni","Albania","Europe & Central Asia","Upper middle income"
2081,"2026-05-23 14:37:22","United Kingdom: Barnsley, Barnsley Hospital NHS Foundation Trust","United Kingdom","Europe & Central Asia","High income"
2082,"2026-05-23 18:13:43","Greece: Athens, Alexandra General Hospital","Greece","Europe & Central Asia","High income"
2083,"2026-05-23 20:27:13","Portugal: Portalegre, Hospital Dr. José Maria Grande","Portugal","Europe & Central Asia","High income"
2084,"2026-05-24 06:45:32","Ethiopia: Addis Ababa, Tikur Anbessa Specialized (Black Lion) Hospital","Ethiopia","Sub-Saharan Africa","Low income"
2085,"2026-05-24 07:46:21","Greece: Kavala, Kavala General Hospital","Greece","Europe & Central Asia","High income"
2086,"2026-05-24 07:49:34","Greece: Kavala, Kavala General Hospital","Greece","Europe & Central Asia","High income"
2087,"2026-05-24 09:00:24","Italy: Rome, Policlinico Umberto I","Italy","Europe & Central Asia","High income"
2088,"2026-05-24 09:57:10","United Kingdom: London, Great Ormond Street Hospital for Children","United Kingdom","Europe & Central Asia","High income"
2089,"2026-05-24 12:09:28","Kazakhstan: Nur-Sultan, National Research Oncologic Center","Kazakhstan","Europe & Central Asia","Upper middle income"
2090,"2026-05-24 12:49:25","South Africa: Kimberley, Kimberley Provincial Hospital","South Africa","Sub-Saharan Africa","Upper middle income"
2091,"2026-05-24 14:29:39","Syrian Arab Republic: Aleppo, Al-Shahbaa Private Hospital","Syrian Arab Republic","Middle East & North Africa","Low income"
2092,"2026-05-24 15:12:47","Syrian Arab Republic: Aleppo, Al-Shahbaa Private Hospital","Syrian Arab Republic","Middle East & North Africa","Low income"
2093,"2026-05-24 16:00:02","Belarus: Gomel, Gomel State Medical University","Belarus","Europe & Central Asia","Upper middle income"
2094,"2026-05-24 16:06:37","Belarus: Gomel, Gomel Clinical Hospital of Emergency Medical Care","Belarus","Europe & Central Asia","Upper middle income"
2095,"2026-05-24 16:09:20","Belarus: Gomel, Gomel State Medical University","Belarus","Europe & Central Asia","Upper middle income"
2096,"2026-05-24 17:00:49","United Kingdom: London, Royal London Hospital","United Kingdom","Europe & Central Asia","High income"
2097,"2026-05-24 19:11:26","Germany: Munich, Ludwig Maximilian University of Munich - Großhadern","Germany","Europe & Central Asia","High income"
2098,"2026-05-24 19:32:06","Italy: Casarano, Francesco Ferrari Hospital","Italy","Europe & Central Asia","High income"
2099,"2026-05-24 19:37:22","Greece: Piraeus, Metaxa Cancer Hospital","Greece","Europe & Central Asia","High income"
2100,"2026-05-25 07:29:20","Somalia: Hargeisa, Hargeisa Group Hospital","Somalia","Sub-Saharan Africa","Low income"
2101,"2026-05-25 10:18:14","Italy: Rome, Fondazione Policlinico Universitario Agostino Gemelli","Italy","Europe & Central Asia","High income"
2102,"2026-05-25 13:24:02","Malaysia: Kelantan, Hospital Universiti Sains Malaysia","Malaysia","East Asia & Pacific","Upper middle income"
2103,"2026-05-25 14:48:29","Italy: Milan, Fondazione IRCCS Ca' Granda - ospedale Maggiore Policlinico","Italy","Europe & Central Asia","High income"
2104,"2026-05-25 15:29:02","Yemen, Rep.: Sana'a, Rabat Modern Hospital","Yemen, Rep.","Middle East & North Africa","Low income"
2105,"2026-05-25 15:33:55","Yemen, Rep.: Sana'a, Al Sabeen Maternal Hospital","Yemen, Rep.","Middle East & North Africa","Low income"
2106,"2026-05-25 15:33:57","Portugal: Caldas Da Rainha, Hospital das Caldas da Rainha - Centro Hospitalar do Oeste, E.P.E","Portugal","Europe & Central Asia","High income"
2107,"2026-05-25 15:35:10","Yemen, Rep.: Sana'a, AL- MAJD SPECIALAZED HOSPITAL","Yemen, Rep.","Middle East & North Africa","Low income"
2108,"2026-05-25 15:48:15","Yemen, Rep.: Sana'a, AL - MOAYYAD MODREN HOSPITAL","Yemen, Rep.","Middle East & North Africa","Low income"
2109,"2026-05-25 16:32:04","Colombia: Cali, Hospital Universitario del Valle Evaristo García","Colombia","Latin America & Caribbean","Upper middle income"
2110,"2026-05-25 16:53:16","United Kingdom: Birmingham, Heartlands Hospital","United Kingdom","Europe & Central Asia","High income"
2111,"2026-05-25 17:59:37","Egypt: Benha, Benha University Hospital","Egypt","Middle East & North Africa","Lower middle income"
2112,"2026-05-25 20:11:56","Yemen, Rep.: Ibb, Aludain General Hospital","Yemen, Rep.","Middle East & North Africa","Low income"
2113,"2026-05-25 21:11:53","Ethiopia: Addis Ababa, Ras Desta Damtew Memorial Hospital","Ethiopia","Sub-Saharan Africa","Low income"
2114,"2026-05-26 01:20:01","India: Vellore, Christian Medical College (CMC)","India","South Asia","Lower middle income"
2115,"2026-05-26 07:21:42","Australia: Queensland, Ipswich Hospital Queensland","Australia","East Asia & Pacific","High income"
2116,"2026-05-26 09:37:04","United Kingdom: Brighton, Royal Sussex County Hospital","United Kingdom","Europe & Central Asia","High income"
2119,"2026-05-19 20:53:29","Montenegro: kotor, clinical hospital center","Montenegro","Europe & Central Asia","Upper middle income"
2120,"2026-05-20 11:14:03","Chad: abeche, daralsalam health center","Chad","Sub-Saharan Africa","Low income"
2121,"2026-05-20 11:52:52","Poland: kartuzy, szpital powiatowy w kartuzach im dr a majkowskiego","Poland","Europe & Central Asia","High income"
2122,"2026-05-20 12:01:33","Somalia: Mogadishu, Mogadişu Somali Türkiye Recep Tayyip Erdoğan Eğitim Ve Araştırma Hastanesi","Somalia","Sub-Saharan Africa","Low income"
2123,"2026-05-20 15:54:54","Ethiopia: sidama, bonna general hospital","Ethiopia","Sub-Saharan Africa","Low income"
2124,"2026-05-20 17:48:43","Nepal: pokhara, western regional hospital","Nepal","South Asia","Lower middle income"
2125,"2026-05-20 19:51:54","India: Chennai, SRM Global Hospital","India","South Asia","Lower middle income"
2126,"2026-05-21 07:37:25","Poland: bydgoszcz, jan biziel university hospital no 2 in bydgoszcz","Poland","Europe & Central Asia","High income"
2127,"2026-05-21 08:20:52","Congo, Dem. Rep.: goma, masisi general hospital","Congo, Dem. Rep.","Sub-Saharan Africa","Low income"
2128,"2026-05-21 10:25:57","Cameroon: ngaounder, hospital protestean de ngaoubela","Cameroon","Sub-Saharan Africa","Lower middle income"
2129,"2026-05-21 17:00:05","Kenya: Nairobi, Kenyatta National Hospital","Kenya","Sub-Saharan Africa","Lower middle income"
2130,"2026-05-21 17:03:33","Rwanda: Kigali, University Teaching Hospital of Kigali (CHUK)","Rwanda","Sub-Saharan Africa","Low income"
2131,"2026-05-23 01:42:09","Libya: janzour, janzour general hospital","Libya","Middle East & North Africa","Upper middle income"
2132,"2026-05-23 12:37:08","India: mohali, dr b r ambedkar state institute of medical science","India","South Asia","Lower middle income"
2133,"2026-05-23 15:12:01","Nepal: bhairahawa, lumbini netralaya","Nepal","South Asia","Lower middle income"
2134,"2026-05-23 16:31:27","Colombia: villavicencio, hospital departamental de villavicencio","Colombia","Latin America & Caribbean","Upper middle income"
2135,"2026-05-24 09:09:42","Turkey: denizli, state hospital","Turkey","Europe & Central Asia","Upper middle income"
2136,"2026-05-24 09:22:49","Romania: targoviste, targoviste county hospital","Romania","Europe & Central Asia","High income"
2137,"2026-05-26 12:28:52","Portugal: Torres Vedras, Hospital de Torres Vedras - Centro Hospitalar do Oeste","Portugal","Europe & Central Asia","High income"
2138,"2026-05-26 13:21:58","Portugal: Porto, Centro Hospitalar e Universitário de São João","Portugal","Europe & Central Asia","High income"
2139,"2026-05-26 13:44:39","Portugal: Porto, Centro Hospitalar e Universitário de São João","Portugal","Europe & Central Asia","High income"
2140,"2026-05-26 13:51:10","India: Patna, All India Institute of Medical Sciences, Patna","India","South Asia","Lower middle income"
2141,"2026-05-26 14:08:52","France: Paris, Robert Debré Children University Hospital - APHP","France","Europe & Central Asia","High income"
2142,"2026-05-26 14:14:50","Ghana: Accra, Korle-Bu Teaching Hospital","Ghana","Sub-Saharan Africa","Lower middle income"
2145,"2026-05-26 15:55:16","Qatar: Doha, Hazm Mebaireek General Hospital","",,
2146,"2026-05-26 16:48:53","Georgia: Tbilisi, N.Kipshidze Central University Clinic","",,
2147,"2026-05-26 18:27:46","United States: Washington, D.c., Medstar Washington Hospital Center","",,
2148,"2026-05-26 19:16:13","Gabon: Libreville, Centre Hospitalier universitaire mère enfant Fondation Jeanne Ebori","",,
2149,"2026-05-26 19:18:19","United Kingdom: Southampton, Southampton General Hospital","",,
2150,"2026-05-26 21:36:57","Portugal: Vila Nova De Gaia, Centro Hospitalar Vila Nova de Gaia/Espinho","",,
2151,"2026-05-26 21:46:59","Palestine: Gaza, Nasser Hospital","",,
2152,"2026-05-26 23:31:16","Italy: Rome, Azienda Ospedaliera San Camillo - Forlanini","",,
2153,"2026-05-27 00:04:21","Australia: Melbourne, The Royal Melbourne Hospital","",,
2154,"2026-05-27 00:36:08","Yemen, Rep.: Sana'a, Al-Thawra Modern General Hospital","",,
2155,"2026-05-27 02:15:08","Brazil: Ribeirao Preto, Clinics Hospital, Ribeirao Preto Medical School, University of Sao Paulo","",,
2156,"2026-05-27 07:06:47","Yemen, Rep.: Sana'a, Al -Kuwait Teaching Hospital","",,
2157,"2026-05-27 07:32:55","Yemen, Rep.: Sana'a, Al-Thawra Modern General Hospital","",,
2158,"2026-05-27 10:26:25","United Kingdom: Hull, Hull University Teaching Hospitals NHS Trust","",,
2159,"2026-05-27 11:09:54","United Kingdom: Carlisle, Cumberland Infirmary","",,
2160,"2026-05-27 11:11:51","Portugal: Leiria, Centro Hospitalar de Leiria, E.P.E.","",,
2161,"2026-05-27 11:12:45","Colombia: Popayán, Hospital Universitario San José","",,
2162,"2026-05-27 11:17:21","Libya: Tripoli, Tripoli Central Hospital","",,
2165,"2026-05-27 11:21:45","Pakistan: Lahore, King Edward Medical University, Mayo Hospital, Lahore","",,
2171,"2026-05-27 11:23:09","Kazakhstan: Nur-Sultan, National Research Oncologic Center","Kazakhstan","Europe & Central Asia","Upper middle income"
2172,"2026-05-27 11:23:10","United Kingdom: Taunton, Musgrove Park Hospital","United Kingdom","Europe & Central Asia","High income"
2173,"2026-05-27 11:33:48","Brazil: Sao Paulo, Instituto do Cancer do Estado de São Paulo","Brazil","Latin America & Caribbean","Upper middle income"
2174,"2026-05-27 11:33:57","United Kingdom: Manchester, Wythenshawe Hospital","United Kingdom","Europe & Central Asia","High income"
2177,"2026-05-15 18:05:53","Yemen, Rep.: Sana'a, Martyr Abu Harb Al- Molsi Charitable Hospital","Yemen, Rep.","Middle East & North Africa","Low income"
2178,"2026-05-26 18:15:04","Venezuela, RB: Caracas, Hospital Oncológico Padre Machado","Venezuela, RB",,
2179,"2026-05-27 10:54:17","Russian Federation: Moscow, Medical Center Of The Bank Of Russia","Russian Federation","Europe & Central Asia","High income"
2180,"2026-05-27 11:15:23","Iraq: Baghdad, Baghdad Medical City","Iraq","Middle East & North Africa","Upper middle income"
2181,"2026-05-27 11:46:34","Sudan: Khartoum, Omdurman Teaching Hospital","Sudan","Sub-Saharan Africa","Low income"
2182,"2026-05-27 12:06:51","Australia: Ballarat, Ballarat Base Hospital","Australia","East Asia & Pacific","High income"
2183,"2026-05-27 12:16:32","Philippines: Manila, University of Santo Tomas Hospital","Philippines","East Asia & Pacific","Lower middle income"
2184,"2026-05-27 12:18:19","Jordan: Irbid, Princess Basma Hospital","Jordan","Middle East & North Africa","Lower middle income"
2185,"2026-05-27 12:25:26","Sudan: Madani, Wad Madani Teaching Hospital","Sudan","Sub-Saharan Africa","Low income"
2186,"2026-05-27 12:33:03","Sudan: Khartoum, Omdurman Teaching Hospital","Sudan","Sub-Saharan Africa","Low income"
2187,"2026-05-27 12:50:01","Belgium: Jette, UZ Brussel","Belgium","Europe & Central Asia","High income"
2188,"2026-05-27 13:06:18","Paraguay: Asuncion, Hospital de Trauma Manuel Giagni","Paraguay","Latin America & Caribbean","Upper middle income"
2189,"2026-05-27 13:11:02","India: Mangalore, Karnataka, Father Muller Medical College","India","South Asia","Lower middle income"
2190,"2026-05-27 13:55:11","Libya: Tripoli, Tripoli Central Hospital","Libya","Middle East & North Africa","Upper middle income"
2191,"2026-05-27 14:25:29","Portugal: Funchal, Hospital Dr. Nélio Mendonça","Portugal","Europe & Central Asia","High income"
2192,"2026-05-27 14:31:50","Mexico: Mexico City, Instituto Nacional de Ciencias Médicas y Nutrición 'Salvador Zubirán'","Mexico","Latin America & Caribbean","Upper middle income"
2193,"2026-05-27 14:37:06","Germany: Mainz, University Hospital Mainz","Germany","Europe & Central Asia","High income"
2194,"2026-05-27 15:24:37","Belgium: Jette, UZ Brussel","Belgium","Europe & Central Asia","High income"
2195,"2026-05-27 15:32:20","South Sudan: Juba, Juba Teaching Hospital","South Sudan","Sub-Saharan Africa","Low income"
2196,"2026-05-27 15:56:00","Yemen, Rep.: Sana'a, YEMENI FRENCH HOSPITAL","Yemen, Rep.","Middle East & North Africa","Low income"
2197,"2026-05-27 16:00:12","Yemen, Rep.: Sana'a, Yemeni Egyptian Hospital","Yemen, Rep.","Middle East & North Africa","Low income"
2198,"2026-05-27 16:03:15","Yemen, Rep.: Sana'a, AL - MOAYYAD MODREN HOSPITAL","Yemen, Rep.","Middle East & North Africa","Low income"
2199,"2026-05-27 16:17:31","Yemen, Rep.: Sana'a, AL- QODS MILITARY HOSPITAL","Yemen, Rep.","Middle East & North Africa","Low income"
2200,"2026-05-27 16:29:16","Libya: Benghazi, Al-jalaa Teaching/Trauma Hospital","Libya","Middle East & North Africa","Upper middle income"
2201,"2026-05-27 16:40:38","Germany: Heidelberg, University Hospital Heidelberg","Germany","Europe & Central Asia","High income"
2202,"2026-05-27 16:58:32","United Kingdom: Dudley, Russell's Hall Hospital","United Kingdom","Europe & Central Asia","High income"
2203,"2026-05-27 17:02:57","Ethiopia: Addis Ababa, Nordic Medical Centre","Ethiopia","Sub-Saharan Africa","Low income"
2204,"2026-05-27 17:04:46","Benin: Save, HZ Save Ouesse","Benin","Sub-Saharan Africa","Lower middle income"
2205,"2026-05-27 17:22:03","Iraq: erbil, hawler teaching hospital","Iraq","Middle East & North Africa","Upper middle income"
2206,"2026-05-27 17:27:43","Jordan: Amman, Islamic Hospital","Jordan","Middle East & North Africa","Lower middle income"
2207,"2026-05-27 17:33:35","Egypt: Alexandria, Alexandria University Students Hospital","Egypt","Middle East & North Africa","Lower middle income"
2208,"2026-05-27 17:35:48","Colombia: Bogotá, Hospital San Ignacio","Colombia","Latin America & Caribbean","Upper middle income"
2209,"2026-05-27 17:55:03","United Kingdom: London, Evelina London Children's Hospital","United Kingdom","Europe & Central Asia","High income"
2210,"2026-05-27 18:14:35","Portugal: Loures, Hospital Beatriz Angelo","Portugal","Europe & Central Asia","High income"
2211,"2026-05-27 18:22:49","Yemen, Rep.: sana'a, Yemen German Hospital","Yemen, Rep.","Middle East & North Africa","Low income"
2212,"2026-05-27 18:43:48","Portugal: Porto, Centro Hospitalar e Universitário de São João","Portugal","Europe & Central Asia","High income"
2213,"2026-05-27 19:04:26","Yemen, Rep.: Sana'a, Al-Thawra Modern General Hospital","Yemen, Rep.","Middle East & North Africa","Low income"
2214,"2026-05-27 19:12:02","Spain: Murcia, Hospital General Reina Sofía","Spain","Europe & Central Asia","High income"
2215,"2026-05-27 19:13:02","Spain: Murcia, Hospital General Reina Sofía","Spain","Europe & Central Asia","High income"
2216,"2026-05-27 19:13:50","Spain: Murcia, Hospital General Reina Sofía","Spain","Europe & Central Asia","High income"
2217,"2026-05-27 19:14:23","Spain: Murcia, Hospital General Reina Sofía","Spain","Europe & Central Asia","High income"
2218,"2026-05-27 19:15:15","Spain: Murcia, Hospital General Reina Sofía","Spain","Europe & Central Asia","High income"
2219,"2026-05-27 19:16:09","Spain: Murcia, Hospital General Reina Sofía","Spain","Europe & Central Asia","High income"
2220,"2026-05-27 19:16:45","Spain: Murcia, Hospital General Reina Sofía","Spain","Europe & Central Asia","High income"
2221,"2026-05-27 19:17:08","Brazil: Ribeirao Preto, Hospital Estadual de Ribeirao Preto","Brazil","Latin America & Caribbean","Upper middle income"
2222,"2026-05-27 19:17:17","Spain: Murcia, Hospital General Reina Sofía","Spain","Europe & Central Asia","High income"
2223,"2026-05-27 19:17:52","Spain: Murcia, Hospital General Reina Sofía","Spain","Europe & Central Asia","High income"
2224,"2026-05-27 20:01:55","Aruba: Oranjestad, Dr. Horacio E Oduber Hospital","Aruba","Latin America & Caribbean","High income"
2225,"2026-05-27 20:49:37","United Kingdom: Birmingham, Royal Orthopaedic Hospital","United Kingdom","Europe & Central Asia","High income"
2226,"2026-05-27 21:19:39","United Kingdom: Coventry, University Hospitals Coventry and Warwickshire NHS Trust","United Kingdom","Europe & Central Asia","High income"
2227,"2026-05-27 21:25:06","United Kingdom: Dudley, Russell's Hall Hospital","United Kingdom","Europe & Central Asia","High income"
2228,"2026-05-27 21:57:30","United Kingdom: Birmingham, Queen Elizabeth Hospital Birmingham","United Kingdom","Europe & Central Asia","High income"
2229,"2026-05-27 22:27:33","Yemen, Rep.: Sana'a, Al-Thawra Modern General Hospital","Yemen, Rep.","Middle East & North Africa","Low income"
2230,"2026-05-27 22:35:09","United Kingdom: Chesterfield, Chesterfield Royal Hospital","United Kingdom","Europe & Central Asia","High income"
2231,"2026-05-27 23:01:50","Yemen, Rep.: Sana'a, Al -Kuwait Teaching Hospital","Yemen, Rep.","Middle East & North Africa","Low income"
2232,"2026-05-27 23:32:25","Ireland: Dublin, St. James's Hospital","Ireland","Europe & Central Asia","High income"
2233,"2026-05-27 23:38:52","United Kingdom: Birmingham, Birmingham children's hospital","United Kingdom","Europe & Central Asia","High income"
2234,"2026-05-28 00:13:53","Yemen, Rep.: Amran, President Martyr Al-Sammad Hospital Authority","Yemen, Rep.","Middle East & North Africa","Low income"
2235,"2026-05-28 00:21:32","United Kingdom: Southampton, Southampton General Hospital","United Kingdom","Europe & Central Asia","High income"
2236,"2026-05-28 00:52:53","Yemen, Rep.: Hadhamout, Sayoun General Hospital","Yemen, Rep.","Middle East & North Africa","Low income"
2237,"2026-05-28 01:58:23","Portugal: Ponta Delgada, Hospital do Divino Espírito Santo","Portugal","Europe & Central Asia","High income"
2238,"2026-05-28 03:59:33","Kazakhstan: Almaty, Almaty Oncology Centre","Kazakhstan","Europe & Central Asia","Upper middle income"
2239,"2026-05-28 05:31:55","Australia: Liverpool, Liverpool Hospital","Australia","East Asia & Pacific","High income"
2240,"2026-05-28 06:01:05","Kazakhstan: Almaty, Almaty City Emergency Care Hospital","Kazakhstan","Europe & Central Asia","Upper middle income"
2241,"2026-05-28 09:41:23","Yemen, Rep.: Sana'a, Al-Thawra Modern General Hospital","Yemen, Rep.","Middle East & North Africa","Low income"
2242,"2026-05-28 11:02:42","Italy: Sulmona, SS Annunziata","Italy","Europe & Central Asia","High income"
2243,"2026-05-28 11:06:10","South Africa: Cape Town, New Somerset Hospital","South Africa","Sub-Saharan Africa","Upper middle income"
2244,"2026-05-28 11:29:36","Iraq: Erbil, Rojhalat emergency hospital","Iraq","Middle East & North Africa","Upper middle income"
2245,"2026-05-28 11:39:48","Iraq: Erbil, Rizgary teaching hospital","Iraq","Middle East & North Africa","Upper middle income"
2248,"2026-05-28 11:50:34","United Kingdom: Warwick, South Warwickshire NHS Foundation Trust","United Kingdom","Europe & Central Asia","High income"
2253,"2026-05-28 12:00:50","Nepal: Kathmandu, Bir Hospital, National Academy of Medical Sciences","Nepal","South Asia","Lower middle income"
2255,"2026-05-28 12:11:22","Nepal: Kathmandu, Bir Hospital, National Academy of Medical Sciences","Nepal","South Asia","Lower middle income"
2256,"2026-05-28 12:42:48","United Kingdom: Nottingham, Queens Medical Centre","United Kingdom","Europe & Central Asia","High income"
2257,"2026-05-28 13:23:29","United Kingdom: Maidstone, Tunbridge Wells Hospital","United Kingdom","Europe & Central Asia","High income"
2258,"2026-05-28 14:45:00","Italy: Cuneo, Santa Croce and Carle Hospital","Italy","Europe & Central Asia","High income"
2259,"2026-05-28 15:09:17","Bangladesh: Chattogram, Chittagong Medical College Hospital","Bangladesh","South Asia","Lower middle income"
2260,"2026-05-28 15:09:24","Yemen, Rep.: Sana'a, Al Rafa Specialized Hospital","Yemen, Rep.","Middle East & North Africa","Low income"
2261,"2026-05-28 15:13:32","Yemen, Rep.: Sana'a, Ezzaldeen AlShaibani","Yemen, Rep.","Middle East & North Africa","Low income"
2262,"2026-05-28 15:16:34","Bangladesh: Chattogram, Chittagong Medical College Hospital","Bangladesh","South Asia","Lower middle income"
2263,"2026-05-28 15:18:18","Yemen, Rep.: Ibb, ALSULTAN DISPENSARY","Yemen, Rep.","Middle East & North Africa","Low income"
2264,"2026-05-28 15:18:25","Bangladesh: Chattogram, Chittagong Medical College Hospital","Bangladesh","South Asia","Lower middle income"
2265,"2026-05-28 15:48:12","Nigeria: Enugu, university of Nigeria teaching hospital ituku ozalla Enugu","Nigeria","Sub-Saharan Africa","Lower middle income"
2266,"2026-05-28 16:02:19","Lithuania: Vilnius, National Cancer Institute Vilnius","Lithuania","Europe & Central Asia","High income"
2267,"2026-05-28 16:02:59","Italy: Viterbo, Belcolle Hospital","Italy","Europe & Central Asia","High income"
2268,"2026-05-28 16:03:03","Colombia: Popayan, Clinica La Estancia","Colombia","Latin America & Caribbean","Upper middle income"
2269,"2026-05-28 16:03:53","India: Bhubaneswar, All India Institute Of Medical Sciences - Bhubaneswar","India","South Asia","Lower middle income"
2270,"2026-05-28 16:05:03","Austria: Wels, Klinikum Wels-Grieskirchen GmbH","Austria","Europe & Central Asia","High income"
2271,"2026-05-28 16:05:37","Turkey: Istanbul, Istanbul Medeniyet University, School of Medicine","Turkey","Europe & Central Asia","Upper middle income"
2272,"2026-05-28 16:06:24","United Kingdom: Sutton-In-Ashfield, Kings Mill Hospital","United Kingdom","Europe & Central Asia","High income"
2273,"2026-05-28 16:06:44","United Kingdom: Manchester, Wythenshawe Hospital","United Kingdom","Europe & Central Asia","High income"
2274,"2026-05-28 16:06:58","India: GORAKHPUR, ALL INDIA INSTITUTE OF MEDICAL SCIENCES, KURNAGHAT, GORAKHPUR, UTTAR PRADESH, AIIMS GORAKHPUR","India","South Asia","Lower middle income"
2275,"2026-05-28 16:07:34","Saudi Arabia: Riyadh, King Faisal Specialist Hospital","Saudi Arabia","Middle East & North Africa","High income"
2276,"2026-05-28 16:07:45","United Kingdom: Birmingham, Queen Elizabeth Hospital Birmingham","United Kingdom","Europe & Central Asia","High income"
2277,"2026-05-28 16:07:48","Russian Federation: Moscow, Moscow Research and Educational Center, Lomonosov Moscow State University","Russian Federation","Europe & Central Asia","High income"
2278,"2026-05-28 16:07:53","United Kingdom: Newcastle Upon Tyne, Newcastle Upon Tyne Hospitals NHS Foundation Trust","United Kingdom","Europe & Central Asia","High income"
2279,"2026-05-28 16:08:43","Brazil: Francisco Beltrão, Hospital Regional Do Sudoeste Do Paraná","Brazil","Latin America & Caribbean","Upper middle income"
2280,"2026-05-28 16:08:51","Morocco: Rabat, Hôpital Militaire Mohammed V","Morocco","Middle East & North Africa","Lower middle income"
2281,"2026-05-28 16:09:32","Italy: Messina, AOU 'G. Martino'","Italy","Europe & Central Asia","High income"
2282,"2026-05-28 16:09:59","Germany: Munich, Ludwig Maximilian University of Munich - Innenstadt","Germany","Europe & Central Asia","High income"
2283,"2026-05-28 16:10:05","United Kingdom: Birmingham, Royal Orthopaedic Hospital","United Kingdom","Europe & Central Asia","High income"
2284,"2026-05-28 16:10:07","Turkey: Istanbul, Altinbas university bahcelievler medicalpark hospital","Turkey","Europe & Central Asia","Upper middle income"
2285,"2026-05-28 16:10:29","Egypt: Cairo, Kasr Alainy Hospital, Faculty of Medicine, Cairo University","Egypt","Middle East & North Africa","Lower middle income"
2286,"2026-05-28 16:10:44","Colombia: Cali, Hospital Universitario del Valle Evaristo García","Colombia","Latin America & Caribbean","Upper middle income"
2287,"2026-05-28 16:10:55","Libya: Zliten, Zliten Teaching Hospital","Libya","Middle East & North Africa","Upper middle income"
2288,"2026-05-28 16:10:56","United Kingdom: Dumfries, Dumfries and Galloway Royal Infirmary","United Kingdom","Europe & Central Asia","High income"
2289,"2026-05-28 16:12:45","Brazil: Ribeirao Preto, Clinics Hospital, Ribeirao Preto Medical School, University of Sao Paulo","Brazil","Latin America & Caribbean","Upper middle income"
2290,"2026-05-28 16:15:25","Libya: Benghazi, Benghazi Medical Center","Libya","Middle East & North Africa","Upper middle income"
2291,"2026-05-28 16:15:48","United Kingdom: Newcastle Upon Tyne, Freeman Hospital","United Kingdom","Europe & Central Asia","High income"
2292,"2026-05-28 16:18:58","United Kingdom: Nottingham, Queens Medical Centre","United Kingdom","Europe & Central Asia","High income"
2293,"2026-05-28 16:19:06","Italy: Rome, Sant'Andrea Hospital, Sapienza University of Rome","Italy","Europe & Central Asia","High income"
2294,"2026-05-28 16:19:11","Ghana: Tamale, Tamale Teaching Hospital","Ghana","Sub-Saharan Africa","Lower middle income"
2295,"2026-05-28 16:20:21","Ethiopia: Assela, Assela University Hospital","Ethiopia","Sub-Saharan Africa","Low income"
2296,"2026-05-28 16:22:36","United Kingdom: Barnstable, North Devon District Hospital","United Kingdom","Europe & Central Asia","High income"
2297,"2026-05-28 16:23:09","Italy: Rome, Fondazione Policlinico Universitario Agostino Gemelli","Italy","Europe & Central Asia","High income"
2298,"2026-05-28 16:25:34","Russian Federation: Samara, Hospital Surgery Clinic of Samara State Medical Uniwersity","Russian Federation","Europe & Central Asia","High income"
2299,"2026-05-28 16:26:24","Libya: Benghazi, Benghazi Medical Center","Libya","Middle East & North Africa","Upper middle income"
2300,"2026-05-28 16:28:13","Libya: Benghazi, Benghazi Medical Center","Libya","Middle East & North Africa","Upper middle income"
2301,"2026-05-28 16:28:41","United Kingdom: London, University College London Hospital","United Kingdom","Europe & Central Asia","High income"
2302,"2026-05-28 16:29:08","United Kingdom: Stoke-On-Trent, Royal Stoke University Hospital","United Kingdom","Europe & Central Asia","High income"
2303,"2026-05-28 16:30:03","Tunisia: Sfax, Habib Bourguiba Hospital","Tunisia","Middle East & North Africa","Lower middle income"
2304,"2026-05-28 16:30:25","United Kingdom: Birmingham, Queen Elizabeth Hospital Birmingham","United Kingdom","Europe & Central Asia","High income"
2305,"2026-05-28 16:31:33","United Kingdom: Torquay, Torbay and South Devon NHS Trust","United Kingdom","Europe & Central Asia","High income"
2306,"2026-05-28 16:32:17","Bangladesh: Chattogram, Chittagong Medical College Hospital","Bangladesh","South Asia","Lower middle income"
2307,"2026-05-28 16:35:48","Tunisia: Tunis, Institut Salah Azaiez","Tunisia","Middle East & North Africa","Lower middle income"
2308,"2026-05-28 16:35:28","Jordan: Amman, Jordan Hospital","Jordan","Middle East & North Africa","Lower middle income"
2310,"2026-05-28 16:42:59","Croatia: Slavonski Brod, General Hospital Dr. Josip Bencevic","Croatia","Europe & Central Asia","High income"
2311,"2026-05-28 16:48:16","Japan: Okayama, Kurashiki Central Hospital","Japan","East Asia & Pacific","High income"
2312,"2026-05-28 16:50:02","Tunisia: Sousse, Farhat Hatched Hospital","Tunisia","Middle East & North Africa","Lower middle income"
2313,"2026-05-28 16:52:54","United Kingdom: London, King's College Hospital","United Kingdom","Europe & Central Asia","High income"
2314,"2026-05-28 16:53:07","United Kingdom: Birmingham, Birmingham children's hospital","United Kingdom","Europe & Central Asia","High income"
2315,"2026-05-28 16:55:39","Egypt: Kafr-Elsheikh, Kafr-Elsheikh University Hospital","Egypt","Middle East & North Africa","Lower middle income"
2316,"2026-05-28 17:02:39","Colombia: Cali, Fundación Valle del Lili","Colombia","Latin America & Caribbean","Upper middle income"
2317,"2026-05-28 17:09:41","Yemen, Rep.: Ibb, medical diagnostic clinic","Yemen, Rep.","Middle East & North Africa","Low income"
2318,"2026-05-28 17:11:10","India: Bhubaneswar, All India Institute Of Medical Sciences - Bhubaneswar","India","South Asia","Lower middle income"
2319,"2026-05-28 17:14:56","Brazil: Ribeirao Preto, Clinics Hospital, Ribeirao Preto Medical School, University of Sao Paulo","Brazil","Latin America & Caribbean","Upper middle income"
2320,"2026-05-28 17:16:10","Saudi Arabia: Jeddah, King Abdulaziz University Hospital","Saudi Arabia","Middle East & North Africa","High income"
2321,"2026-05-28 17:19:07","United Kingdom: Liverpool, Aintree University Hospital","United Kingdom","Europe & Central Asia","High income"
2322,"2026-05-28 17:22:33","Romania: Iasi, 'Sf. Spiridon' Emergency Clinical Hospital","Romania","Europe & Central Asia","High income"
2323,"2026-05-28 17:24:20","Turkey: Istanbul, Sultan 2. Abdulhamid Han Training and Research Hospital, University of Health Sciences","Turkey","Europe & Central Asia","Upper middle income"
2324,"2026-05-28 17:24:34","Turkey: istanbul, prof dr cemil tascioglu city hospital","Turkey","Europe & Central Asia","Upper middle income"
2325,"2026-05-28 17:25:26","Pakistan: Karachi, Aga Khan University","Pakistan","South Asia","Lower middle income"
2326,"2026-05-28 17:30:19","Pakistan: Lahore, The Children's Hospital & The Institute of Child Health Lahore","Pakistan","South Asia","Lower middle income"
2327,"2026-05-28 17:31:30","Ghana: Kpando, Margaret Marquart Catholic Hospital","Ghana","Sub-Saharan Africa","Lower middle income"
2328,"2026-05-28 17:33:24","United Kingdom: Southampton, Southampton General Hospital","United Kingdom","Europe & Central Asia","High income"
2329,"2026-05-28 17:33:43","Italy: Naples, Istituto Nazionale Tumori, IRCCS Fondazione G. Pascale","Italy","Europe & Central Asia","High income"
2330,"2026-05-28 17:33:58","United States: Wyandotte, Henry Ford Wyandotte Hospital","United States","North America","High income"
2331,"2026-05-28 17:39:40","Bangladesh: Chattogram, Chittagong Medical College Hospital","Bangladesh","South Asia","Lower middle income"
2332,"2026-05-28 17:40:53","Greece: Athens, Laiko University Hospital","Greece","Europe & Central Asia","High income"
2333,"2026-05-28 17:43:30","Morocco: Casablanca, Hopital 20 Aout","Morocco","Middle East & North Africa","Lower middle income"
2335,"2026-05-28 17:46:12","United Kingdom: Leicester, Leicester General Hospital","United Kingdom","Europe & Central Asia","High income"
2336,"2026-05-28 17:46:38","United Kingdom: Leicester, Leicester General Hospital","United Kingdom","Europe & Central Asia","High income"
2337,"2026-05-28 17:48:15","United Kingdom: Stockport, Stepping Hill Hospital","United Kingdom","Europe & Central Asia","High income"
2338,"2026-05-28 17:49:23","Yemen, Rep.: Sana'a, University of science and technology hospital","Yemen, Rep.","Middle East & North Africa","Low income"
2339,"2026-05-28 17:52:33","Yemen, Rep.: Sana'a, University of Science & Technology Hospital","Yemen, Rep.","Middle East & North Africa","Low income"
2340,"2026-05-28 17:56:23","Nigeria: Enugu, university of Nigeria teaching hospital ituku ozalla Enugu","Nigeria","Sub-Saharan Africa","Lower middle income"
2341,"2026-05-28 18:00:33","Pakistan: Jamshoro, Liaquat University of Medical & Health Sciences","Pakistan","South Asia","Lower middle income"
2342,"2026-05-28 18:01:39","Nigeria: Ibadan, University College Hospital","Nigeria","Sub-Saharan Africa","Lower middle income"
2343,"2026-05-28 18:01:49","Mexico: Huixquilucan De Degollado, Hospital Ángeles Lomas Huixquilucan De Degollado","Mexico","Latin America & Caribbean","Upper middle income"
2344,"2026-05-28 18:05:51","Nigeria: Kano, Aminu Kano Teaching Hospital","Nigeria","Sub-Saharan Africa","Lower middle income"
2345,"2026-05-28 18:06:19","Poland: Wroclaw, University Clinical Hospital in Wroclaw","Poland","Europe & Central Asia","High income"
2346,"2026-05-28 18:08:31","Ethiopia: Hawassa, Hawassa University Comprehensive Specialized Hospital","Ethiopia","Sub-Saharan Africa","Low income"
2347,"2026-05-28 18:14:31","Peru: Cajamarca, Hospital Regional Docente de Cajamarca","Peru","Latin America & Caribbean","Upper middle income"
2348,"2026-05-28 18:16:09","Czech Republic: Hradec Kralove, Charles University Hospital","Czech Republic","Europe & Central Asia","High income"
2349,"2026-05-28 18:19:50","United Kingdom: Liverpool, Aintree University Hospital","United Kingdom","Europe & Central Asia","High income"
2350,"2026-05-28 18:26:51","Greece: Athens, Athens Medical Center","Greece","Europe & Central Asia","High income"
2351,"2026-05-28 18:30:44","Greece: Thessaloniki, Papageorgiou General Hospital","Greece","Europe & Central Asia","High income"
2352,"2026-05-28 18:30:51","Nigeria: Damaturu, Yobe State University Teaching Hospital","Nigeria","Sub-Saharan Africa","Lower middle income"
2353,"2026-05-28 18:31:27","United Kingdom: Rotherham, Rotherham District General Hospital","United Kingdom","Europe & Central Asia","High income"
2354,"2026-05-28 18:34:07","Saudi Arabia: Jeddah, King Abdulaziz University Hospital","Saudi Arabia","Middle East & North Africa","High income"
2355,"2026-05-28 18:35:39","Libya: Benghazi, Benghazi Medical Center","Libya","Middle East & North Africa","Upper middle income"
2356,"2026-05-28 18:36:39","Spain: madrid, hospital universitario infanta leonor","Spain","Europe & Central Asia","High income"
2357,"2026-05-28 18:36:42","Spain: madrid, hospital universitario infanta leonor","Spain","Europe & Central Asia","High income"
2358,"2026-05-28 18:39:25","Spain: Huelva, Juan Ramon Jimenez","Spain","Europe & Central Asia","High income"
2360,"2026-05-28 18:41:22","Italy: Rho, Ospedale Di Rho - ASST Rhodense","Italy","Europe & Central Asia","High income"
2361,"2026-05-28 18:41:48","Paraguay: Asuncion, Hospital de Clínicas, II Cátedra de Clínica Quirúrgica, Universidad Nacional de Asunción","Paraguay","Latin America & Caribbean","Upper middle income"
2362,"2026-05-28 18:42:00","Namibia: Walvis Bay, Welwitschia Hospital","Namibia","Sub-Saharan Africa","Upper middle income"
2363,"2026-05-28 18:42:57","Mexico: guadalajara, Antiguo Hospital Civil de Guadalajara ' Fray Antonio Alcalde' Pediatrico","Mexico","Latin America & Caribbean","Upper middle income"
2364,"2026-05-28 18:53:44","India: Mumbai, Tata Memorial Centre","India","South Asia","Lower middle income"
2365,"2026-05-28 18:56:11","Bulgaria: Pleven, University Hospital Dr Georgi Stranski","Bulgaria","Europe & Central Asia","High income"
2366,"2026-05-28 19:06:04","United Kingdom: London, Royal Free Hospital","United Kingdom","Europe & Central Asia","High income"
2367,"2026-05-28 19:07:11","Romania: Bucharest, 'Dr. Ion Cantacuzino' Clinical Hospital","Romania","Europe & Central Asia","High income"
2368,"2026-05-28 19:12:41","Ethiopia: Addis Ababa, ALERT center","Ethiopia","Sub-Saharan Africa","Low income"
2369,"2026-05-28 19:13:11","Portugal: Coimbra, Centro Hospitalar e Universitario de Coimbra","Portugal","Europe & Central Asia","High income"
2370,"2026-05-28 19:17:01","Rwanda: Kigali, University Teaching Hospital of Kigali (CHUK)","Rwanda","Sub-Saharan Africa","Low income"
2371,"2026-05-28 19:17:39","Spain: Madrid, HOSPITAL UNIVERSITARIO RAMON Y CAJAL","Spain","Europe & Central Asia","High income"
2372,"2026-05-28 19:23:15","Canada: Toronto, St. Michael's Hospital Toronto","Canada","North America","High income"
2373,"2026-05-28 19:33:41","India: Pondicherry, Jawaharlal Institute of Postgraduate Medical Education and Research","India","South Asia","Lower middle income"
2374,"2026-05-28 19:37:51","Spain: Huelva, Juan Ramon Jimenez","Spain","Europe & Central Asia","High income"
2375,"2026-05-28 19:47:10","Yemen, Rep.: Sana'a, AL-SAHAB SPECIALIST HOSPITAL","Yemen, Rep.","Middle East & North Africa","Low income"
2376,"2026-05-28 19:49:32","Pakistan: Karachi, Jinnah Post Graduate Medical Center","Pakistan","South Asia","Lower middle income"
2377,"2026-05-28 19:49:50","Yemen, Rep.: Ibb, medical diagnostic clinic","Yemen, Rep.","Middle East & North Africa","Low income"
2378,"2026-05-28 19:50:55","Yemen, Rep.: Sana'a, Modern European Hospital","Yemen, Rep.","Middle East & North Africa","Low income"
2379,"2026-05-28 19:52:30","Morocco: Rabat, Institut National d'Oncologie","Morocco","Middle East & North Africa","Lower middle income"
2380,"2026-05-28 19:54:40","Brazil: Brasília, Hospital de Base do Distrito Federal","Brazil","Latin America & Caribbean","Upper middle income"
2381,"2026-05-28 19:56:01","Yemen, Rep.: Ibb, medical diagnostic clinic","Yemen, Rep.","Middle East & North Africa","Low income"
2382,"2026-05-28 19:59:18","Yemen, Rep.: Ibb, Al-Hamad","Yemen, Rep.","Middle East & North Africa","Low income"
2384,"2026-05-28 20:01:26","Yemen, Rep.: Ibb, Al-Hamad","Yemen, Rep.","Middle East & North Africa","Low income"
2385,"2026-05-28 20:04:59","United Kingdom: Birmingham, Queen Elizabeth Hospital Birmingham","United Kingdom","Europe & Central Asia","High income"
2386,"2026-05-28 20:06:09","Palestine: Nablus, An-Najah National University Hospital","Palestine","Middle East & North Africa","Lower middle income"
2387,"2026-05-28 20:07:52","Portugal: Evora, Hospital do Espirito Santo","Portugal","Europe & Central Asia","High income"
2388,"2026-05-28 20:19:25","Mexico: Veracruz City, High Specialty Hospital of Veracruz","Mexico","Latin America & Caribbean","Upper middle income"
2389,"2026-05-28 20:20:36","Croatia: Zagreb, University Hospital Centre Zagreb","Croatia","Europe & Central Asia","High income"
2390,"2026-05-28 20:23:49","Nigeria: Gombe, Federal Teaching Hospital, Gombe","Nigeria","Sub-Saharan Africa","Lower middle income"
2391,"2026-05-28 20:34:05","Spain: Toledo, Complejo Hospitalario de Toledo","Spain","Europe & Central Asia","High income"
2392,"2026-05-28 20:43:47","Pakistan: Karachi, Aga Khan University","Pakistan","South Asia","Lower middle income"
2393,"2026-05-28 20:47:05","Nigeria: Ibadan, University College Hospital","Nigeria","Sub-Saharan Africa","Lower middle income"
2394,"2026-05-28 20:58:43","Spain: Albacete, Complejo hospitalario universitario de Albacete","Spain","Europe & Central Asia","High income"
2395,"2026-05-28 21:03:29","Nigeria: Bauchi, Abubakar Tafawa Balewa University Teaching Hospital Bauchi","Nigeria","Sub-Saharan Africa","Lower middle income"
2396,"2026-05-28 21:04:12","Greece: Athens, Aretaieio University Hospital","Greece","Europe & Central Asia","High income"
2397,"2026-05-28 21:06:22","Mexico: Merida, Hospital Regional de Alta Especialidad de la Península de Yucatán","Mexico","Latin America & Caribbean","Upper middle income"
2398,"2026-05-28 21:08:38","Italy: Genoa, IRCCS Ospedale Policlinico San Martino","Italy","Europe & Central Asia","High income"
2399,"2026-05-28 21:22:20","Brazil: São Paulo, Hospital São Paulo","Brazil","Latin America & Caribbean","Upper middle income"
2400,"2026-05-28 21:28:02","Nigeria: Gombe, Federal Teaching Hospital, Gombe","Nigeria","Sub-Saharan Africa","Lower middle income"
2402,"2026-05-28 21:34:33","Argentina: Cordoba, Sanatorio Allende - Sede Nueva Cordoba","Argentina","Latin America & Caribbean","Upper middle income"
2403,"2026-05-28 21:47:05","South Africa: Paarl, Paarl Provincial Hospital","South Africa","Sub-Saharan Africa","Upper middle income"
2404,"2026-05-28 21:47:23","Nigeria: Port Harcourt, University of Port Harcourt Teaching Hospital","Nigeria","Sub-Saharan Africa","Lower middle income"
2405,"2026-05-28 21:59:17","Brazil: Serrana, Hospital Estadual Serrana","Brazil","Latin America & Caribbean","Upper middle income"
2406,"2026-05-28 22:02:52","Syrian Arab Republic: Aleppo, Martini Hospital","Syrian Arab Republic","Middle East & North Africa","Low income"
2407,"2026-05-28 22:28:07","Libya: Tripoli, Tripoli Central Hospital","Libya","Middle East & North Africa","Upper middle income"
2408,"2026-05-28 22:35:52","United Kingdom: Wishaw, Wishaw General Hospital","United Kingdom","Europe & Central Asia","High income"
2409,"2026-05-28 22:49:29","United Kingdom: Cheltenham, Cheltenham General Hospital","United Kingdom","Europe & Central Asia","High income"
2410,"2026-05-28 22:59:06","Spain: Murcia, Hospital Universitario Virgen de la Arrixaca","Spain","Europe & Central Asia","High income"
2411,"2026-05-28 23:06:04","United Kingdom: Bristol, Southmead Hospital","United Kingdom","Europe & Central Asia","High income"
2412,"2026-05-28 23:23:14","United Kingdom: London, North Middlesex University Hospital","United Kingdom","Europe & Central Asia","High income"
2413,"2026-05-28 23:36:49","Colombia: Manizales, Clínica Avidanti - Manizales","Colombia","Latin America & Caribbean","Upper middle income"
2414,"2026-05-28 23:47:14","Australia: Melbourne, Box Hill Hospital","Australia","East Asia & Pacific","High income"
2415,"2026-05-28 23:54:43","Colombia: Medellin, Hospital Universitario San Vicente Fundacion","Colombia","Latin America & Caribbean","Upper middle income"
2416,"2026-05-29 00:15:18","Nigeria: Enugu, university of Nigeria teaching hospital ituku ozalla Enugu","Nigeria","Sub-Saharan Africa","Lower middle income"
2417,"2026-05-29 00:24:05","Sweden: Stockholm, South General Hospital","Sweden","Europe & Central Asia","High income"
2418,"2026-05-29 00:34:28","Russian Federation: nizhniy novgorod, Nizhegorodskaya Oblastnaya Klinicheskaya Bol'nitsa Im.semashko","Russian Federation","Europe & Central Asia","High income"
2419,"2026-05-29 00:48:20","Brazil: Uberlandia, Uberlandia Medical Center","Brazil","Latin America & Caribbean","Upper middle income"
2420,"2026-05-29 01:00:02","Libya: Tobruk, Tobruk Medical Center","Libya","Middle East & North Africa","Upper middle income"
2421,"2026-05-29 02:09:24","Australia: Adelaide, Royal Adelaide Hospital","Australia","East Asia & Pacific","High income"
2422,"2026-05-29 02:31:31","Nigeria: Enugu, university of Nigeria teaching hospital ituku ozalla Enugu","Nigeria","Sub-Saharan Africa","Lower middle income"
2423,"2026-05-29 03:07:24","United Kingdom: Birmingham, Heartlands Hospital","United Kingdom","Europe & Central Asia","High income"
2424,"2026-05-29 03:20:14","Philippines: Manila, Ospital ng Maynila Medical Center","Philippines","East Asia & Pacific","Lower middle income"
2425,"2026-05-29 04:05:39","Nigeria: Abakaliki, Alex Ekwueme Federal University Teaching Hospital Abakiliki 2 (AEFUTHA 2)","Nigeria","Sub-Saharan Africa","Lower middle income"
2426,"2026-05-29 04:06:02","Pakistan: Lahore, King Edward Medical University, Mayo Hospital, Lahore","Pakistan","South Asia","Lower middle income"
2427,"2026-05-29 04:24:19","Indonesia: Surabaya, Universitas Airlangga Teaching Hospital","Indonesia","East Asia & Pacific","Upper middle income"
2428,"2026-05-29 04:39:13","Malaysia: Kuching, Sarawak, Sarawak General Hospital","Malaysia","East Asia & Pacific","Upper middle income"
2429,"2026-05-29 04:47:32","Mexico: Mexico City, Instituto Nacional de Ciencias Médicas y Nutrición 'Salvador Zubirán'","Mexico","Latin America & Caribbean","Upper middle income"
2430,"2026-05-29 04:57:34","Pakistan: Islamabad, Children's Hospital,Pakistan Institute of Medical Sciences","Pakistan","South Asia","Lower middle income"
2431,"2026-05-29 05:13:17","Sri Lanka: Batticaloa, Teaching Hospital Batticaloa","Sri Lanka","South Asia","Lower middle income"
2432,"2026-05-29 05:28:49","Turkey: Istanbul, Istanbul Education and Research Hospital","Turkey","Europe & Central Asia","Upper middle income"
2433,"2026-05-29 05:41:11","Pakistan: Karachi, Creek General Hospital","Pakistan","South Asia","Lower middle income"
2434,"2026-05-29 05:55:41","Nigeria: Abeokuta, Federal Medical Centre Abeokuta","Nigeria","Sub-Saharan Africa","Lower middle income"
2435,"2026-05-29 05:56:30","Nigeria: Ibadan, University College Hospital","Nigeria","Sub-Saharan Africa","Lower middle income"
2436,"2026-05-29 06:24:13","India: Gurugram, Artemis Health Institute","India","South Asia","Lower middle income"
2437,"2026-05-29 06:45:56","Ghana: Sunyani, Bono Regional Hospital, Sunyani","Ghana","Sub-Saharan Africa","Lower middle income"
2438,"2026-05-29 07:13:17","Greece: Piraeus, Metaxa Cancer Hospital","Greece","Europe & Central Asia","High income"
2439,"2026-05-29 07:15:28","Spain: Barakaldo, San Eloy Hospital","Spain","Europe & Central Asia","High income"
2440,"2026-05-29 07:27:29","North Macedonia: Skopje, University clinic for neurosurgery, Faculty of medicine, University St.Cyril and Methodius","North Macedonia","Europe & Central Asia","Upper middle income"
2441,"2026-05-29 07:44:41","Turkey: Istanbul, Marmara University, School of Medicine","Turkey","Europe & Central Asia","Upper middle income"
2442,"2026-05-29 07:47:37","United Kingdom: Shrewsbury, Shrewsbury and Telford Hospitals","United Kingdom","Europe & Central Asia","High income"
2443,"2026-05-29 07:49:46","Spain: Madrid, 12 de Octubre University Hospital","Spain","Europe & Central Asia","High income"
2444,"2026-05-29 07:50:03","Gambia, The: Banjul, Edward Francis Small Teaching Hospital","Gambia, The",,
2445,"2026-05-29 07:57:46","United Kingdom: Cambridge, Royal Papworth Hospital","United Kingdom","Europe & Central Asia","High income"
2446,"2026-05-29 08:13:06","Turkey: sakarya, private adatip hospital","Turkey","Europe & Central Asia","Upper middle income"
2447,"2026-05-29 08:27:47","Kuwait: Kuwait City, Al Amiri Hospital","Kuwait","Middle East & North Africa","High income"
2448,"2026-05-29 08:28:15","Qatar: Doha, Al Wakrah Hospital - HAMAD MEDICAL Corporation","Qatar","Middle East & North Africa","High income"
2449,"2026-05-29 08:38:06","Yemen, Rep.: ibb, jiblah university hospital","Yemen, Rep.","Middle East & North Africa","Low income"
2450,"2026-05-29 08:39:25","Nigeria: Bauchi, Abubakar Tafawa Balewa University Teaching Hospital Bauchi","Nigeria","Sub-Saharan Africa","Lower middle income"
2451,"2026-05-29 08:42:33","United Kingdom: Leeds, St James's University Hospital Leeds","United Kingdom","Europe & Central Asia","High income"
2452,"2026-05-29 08:43:56","Bulgaria: Sofia, Fifth City Hospital Sofia - 5th MBAL","Bulgaria","Europe & Central Asia","High income"
2453,"2026-05-29 08:45:51","Bulgaria: Sofia, Fifth City Hospital Sofia - 5th MBAL","Bulgaria","Europe & Central Asia","High income"
2454,"2026-05-29 08:45:56","Switzerland: Bellinzona, EOC Ospedale Regionale di Bellinzona e Valli","Switzerland","Europe & Central Asia","High income"
2455,"2026-05-29 09:07:49","United Kingdom: Barrow In Furness, Furness General Hospital","United Kingdom","Europe & Central Asia","High income"
2456,"2026-05-29 09:13:01","India: Jodhpur, All India Institute of Medical Sciences (AIIMS), Jodhpur","India","South Asia","Lower middle income"
2457,"2026-05-29 09:17:27","Italy: Palermo, Policlinico Universitario Paolo Giaccone","Italy","Europe & Central Asia","High income"
2458,"2026-05-29 09:23:20","Spain: Madrid, HOSPITAL UNIVERSITARIO RAMON Y CAJAL","Spain","Europe & Central Asia","High income"
2459,"2026-05-29 09:35:36","Germany: Munich, Ludwig Maximilian University of Munich - Großhadern","Germany","Europe & Central Asia","High income"
2460,"2026-05-29 09:42:37","United Kingdom: Peterborough, Peterborough City Hospital","United Kingdom","Europe & Central Asia","High income"
2461,"2026-05-29 09:52:04","Slovenia: Maribor, Maribor University Medical Centre","Slovenia","Europe & Central Asia","High income"
2462,"2026-05-29 09:59:49","United Kingdom: London, St Mary's Hospital","United Kingdom","Europe & Central Asia","High income"
2463,"2026-05-29 10:19:49","Spain: Sabadell (Barcelona), Corporación Sanitaria Parc Taulí","Spain","Europe & Central Asia","High income"
2464,"2026-05-29 10:25:12","United Arab Emirates: Dubai, American Hospital Dubai","United Arab Emirates","Middle East & North Africa","High income"
2465,"2026-05-29 10:27:52","Philippines: Manila, José R. Reyes Memorial Medical Center","Philippines","East Asia & Pacific","Lower middle income"
2466,"2026-05-29 10:49:33","Egypt: Ismailia, Suez Canal University Hospital","Egypt","Middle East & North Africa","Lower middle income"
2467,"2026-05-29 11:11:34","India: Navi Mumbai, D Y Patil Hospital","India","South Asia","Lower middle income"
2468,"2026-05-29 11:25:10","Cameroon: Bamenda, Mbingo Baptist Hospital","Cameroon","Sub-Saharan Africa","Lower middle income"
2469,"2026-05-29 11:35:25","Norway: Skien, Sykehuset Telemark HF","Norway","Europe & Central Asia","High income"
2470,"2026-05-29 12:14:33","United Kingdom: Carlisle, Cumberland Infirmary","United Kingdom","Europe & Central Asia","High income"
2471,"2026-05-29 12:19:43","Pakistan: Karachi, Aga Khan University","Pakistan","South Asia","Lower middle income"
2472,"2026-05-29 12:46:26","Nigeria: Nguru, Federal Medical Centre Nguru","Nigeria","Sub-Saharan Africa","Lower middle income"
2473,"2026-05-29 12:48:49","Serbia: Belgrade, Clinic for Neurosurgery, Clinical Center of Serbia","Serbia","Europe & Central Asia","Upper middle income"
2474,"2026-05-29 12:50:25","Russian Federation: Moscow, Petrovsky National Research Centre of Surgery","Russian Federation","Europe & Central Asia","High income"
2475,"2026-05-29 12:55:40","Spain: Huelva, Juan Ramon Jimenez","Spain","Europe & Central Asia","High income"
2476,"2026-05-29 13:33:29","United Kingdom: Oxford, John Radcliffe Hospital","United Kingdom","Europe & Central Asia","High income"
2477,"2026-05-29 13:41:16","Portugal: Torres Vedras, Hospital de Torres Vedras - Centro Hospitalar do Oeste","Portugal","Europe & Central Asia","High income"
2478,"2026-05-29 13:49:11","Yemen, Rep.: Sana'a, AL- QODS MILITARY HOSPITAL","Yemen, Rep.","Middle East & North Africa","Low income"
2479,"2026-05-29 13:54:49","Libya: Benghazi, Benghazi Medical Center","Libya","Middle East & North Africa","Upper middle income"
2480,"2026-05-29 14:01:13","Yemen, Rep.: Sana'a, Martyr Abu Harb Al- Molsi Charitable Hospital","Yemen, Rep.","Middle East & North Africa","Low income"
2481,"2026-05-29 14:04:24","Pakistan: Islamabad, Shifa international hospital","Pakistan","South Asia","Lower middle income"
2482,"2026-05-29 14:33:06","United Kingdom: Leicester, Glenfield Hospital","United Kingdom","Europe & Central Asia","High income"
2483,"2026-05-29 14:33:35","Italy: Turin, Città della Salute e della Scienza","Italy","Europe & Central Asia","High income"
2484,"2026-05-29 14:35:06","Italy: Esine, ASST Valcamonica Ospedale di Esine","Italy","Europe & Central Asia","High income"
2485,"2026-05-29 14:42:14","United Kingdom: Swindon, Great Western Hospital","United Kingdom","Europe & Central Asia","High income"
2486,"2026-05-29 14:53:24","Yemen, Rep.: Sana'a, Al-Gumhouri Teaching Hospital","Yemen, Rep.","Middle East & North Africa","Low income"
2487,"2026-05-29 15:13:12","Yemen, Rep.: Sana'a, AL- MAJD SPECIALAZED HOSPITAL","Yemen, Rep.","Middle East & North Africa","Low income"
2488,"2026-05-29 15:21:55","Rwanda: Kigali, University Teaching Hospital of Kigali (CHUK)","Rwanda","Sub-Saharan Africa","Low income"
2489,"2026-05-29 15:22:41","Nigeria: Maiduguri, University of Maiduguri Teaching Hospital","Nigeria","Sub-Saharan Africa","Lower middle income"
2490,"2026-05-29 15:39:35","Libya: Benghazi, Benghazi Medical Center","Libya","Middle East & North Africa","Upper middle income"
2491,"2026-05-29 15:41:55","Nigeria: Idi Araba, Lagos University Teaching Hospital","Nigeria","Sub-Saharan Africa","Lower middle income"
2492,"2026-05-29 16:10:45","Yemen, Rep.: Sana'a, Sollam Ashifaa Hospital","Yemen, Rep.","Middle East & North Africa","Low income"
2493,"2026-05-29 16:33:19","Yemen, Rep.: Sana'a, Al Rafa Specialized Hospital","Yemen, Rep.","Middle East & North Africa","Low income"
2494,"2026-05-29 16:37:29","Yemen, Rep.: Ibb, ALSULTAN DISPENSARY","Yemen, Rep.","Middle East & North Africa","Low income"
2495,"2026-05-29 16:38:52","Yemen, Rep.: Ibb, Al-Hamad","Yemen, Rep.","Middle East & North Africa","Low income"
2496,"2026-05-29 17:01:46","Brazil: São Paulo, A.C. Camargo Cancer Center","Brazil","Latin America & Caribbean","Upper middle income"
2497,"2026-05-29 17:33:49","Pakistan: Lahore, King Edward Medical University, Mayo Hospital, Lahore","Pakistan","South Asia","Lower middle income"
2498,"2026-05-29 17:44:22","Bulgaria: Sofia, University Hospital Lozenetz","Bulgaria","Europe & Central Asia","High income"
2499,"2026-05-29 18:26:23","United Kingdom: Cardiff, University Hospital of Wales","United Kingdom","Europe & Central Asia","High income"
2500,"2026-05-29 18:30:04","United States: New York, Ny, NYU Langone Medical Center","United States","North America","High income"
2501,"2026-05-29 18:31:07","Italy: Firenze, Azienda Ospedaliera Universitaria Careggi","Italy","Europe & Central Asia","High income"
2502,"2026-05-29 18:33:34","Yemen, Rep.: Sana'a, Al-Gumhouri Teaching Hospital","Yemen, Rep.","Middle East & North Africa","Low income"
2503,"2026-05-29 18:41:26","Croatia: Zagreb, University Hospital Centre Zagreb","Croatia","Europe & Central Asia","High income"
2504,"2026-05-29 18:47:55","Nigeria: Ikeja, Lagos State University Teaching Hospital","Nigeria","Sub-Saharan Africa","Lower middle income"
2505,"2026-05-29 20:05:19","Ireland: Dublin, St. James's Hospital","Ireland","Europe & Central Asia","High income"
2506,"2026-05-29 20:33:40","Brazil: Ribeirao Preto, Hospital Estadual de Ribeirao Preto","Brazil","Latin America & Caribbean","Upper middle income"
2507,"2026-05-29 20:45:33","Namibia: Windhoek, Windhoek Central Academic Hospital","Namibia","Sub-Saharan Africa","Upper middle income"
2508,"2026-05-29 20:53:33","Saudi Arabia: Riyadh, King Abdulaziz Medical City","Saudi Arabia","Middle East & North Africa","High income"
2509,"2026-05-29 21:03:33","Nigeria: Benin City, University of Benin Teaching Hospital","Nigeria","Sub-Saharan Africa","Lower middle income"
2510,"2026-05-29 21:50:30","Italy: Cesena, Ospedale M. Bufalini","Italy","Europe & Central Asia","High income"
2511,"2026-05-29 22:00:20","Syrian Arab Republic: Aleppo, Martini Hospital","Syrian Arab Republic","Middle East & North Africa","Low income"
2512,"2026-05-29 22:18:33","Mexico: Mexico City, Instituto Nacional de Cancerologia Mexico City","Mexico","Latin America & Caribbean","Upper middle income"
2513,"2026-05-29 22:51:49","Egypt: Mansoura, Mansoura University Hospital","Egypt","Middle East & North Africa","Lower middle income"
2514,"2026-05-29 23:39:17","United Kingdom: Chesterfield, Chesterfield Royal Hospital","United Kingdom","Europe & Central Asia","High income"
2515,"2026-05-29 23:41:22","Colombia: Popayan, Hospital Susana Lopez de Valencia","Colombia","Latin America & Caribbean","Upper middle income"
2516,"2026-05-30 01:10:43","Philippines: Zamboanga City, Zamboanga City Medical Center","Philippines","East Asia & Pacific","Lower middle income"
2517,"2026-05-30 03:15:39","Saudi Arabia: Madina, Prince Mohamed Bin Abdul Aziz national guard hospital","Saudi Arabia","Middle East & North Africa","High income"
2518,"2026-05-30 05:11:21","Ethiopia: Addis Ababa, Yekatit 12 hospital medical college","Ethiopia","Sub-Saharan Africa","Low income"
2519,"2026-05-30 05:48:58","India: Manipal, Kasturba Medical College Hospital, Manipal","India","South Asia","Lower middle income"
2520,"2026-05-30 05:58:20","South Africa: Cape Town, Khayelitsha District Hospital","South Africa","Sub-Saharan Africa","Upper middle income"
2521,"2026-05-30 07:23:43","Greece: Athens, Helena Venizelou","Greece","Europe & Central Asia","High income"
2522,"2026-05-30 07:36:47","Namibia: Windhoek, Katutura State hospital","Namibia","Sub-Saharan Africa","Upper middle income"
2523,"2026-05-30 08:13:49","Spain: Gijón, Hospital de Cabueñes","Spain","Europe & Central Asia","High income"
2524,"2026-05-30 08:31:30","Belgium: Jette, UZ Brussel","Belgium","Europe & Central Asia","High income"
2525,"2026-05-30 08:41:27","Namibia: Rundu, Intermediate Rundu Hospital","Namibia","Sub-Saharan Africa","Upper middle income"
2526,"2026-05-30 08:46:32","Italy: Verona, Borgo Roma Hospital, Azienda Ospedaliera Universitaria Integrata di Verona","Italy","Europe & Central Asia","High income"
2527,"2026-05-30 08:48:05","Ireland: Dublin, Mater Misericordiae University Hospital","Ireland","Europe & Central Asia","High income"
2528,"2026-05-30 08:49:50","Saudi Arabia: Riyadh, King Saud Medical City","Saudi Arabia","Middle East & North Africa","High income"
2529,"2026-05-30 09:05:59","Sudan: Gadarif City, Gadarif teaching hospital","Sudan","Sub-Saharan Africa","Low income"
2530,"2026-05-30 11:47:39","Germany: Munich, Ludwig Maximilian University of Munich - Innenstadt","Germany","Europe & Central Asia","High income"
2531,"2026-05-30 12:13:10","Saudi Arabia: Jazan / Abu Arish, armed forces hospital jazan","Saudi Arabia","Middle East & North Africa","High income"
2532,"2026-05-30 12:35:06","Saudi Arabia: Jazan / Abu Arish, armed forces hospital jazan","Saudi Arabia","Middle East & North Africa","High income"
2533,"2026-05-30 12:37:52","Belgium: Bornem, AZ Rivierenland","Belgium","Europe & Central Asia","High income"
2534,"2026-05-30 12:41:35","Saudi Arabia: Jazan / Abu Arish, armed forces hospital jazan","Saudi Arabia","Middle East & North Africa","High income"
2535,"2026-05-30 12:55:49","Croatia: Zagreb, University Hospital Centre Zagreb","Croatia","Europe & Central Asia","High income"
2536,"2026-05-30 13:09:50","Ghana: Kumasi, Komfo-Anokye Teaching Hospital","Ghana","Sub-Saharan Africa","Lower middle income"
2537,"2026-05-30 14:37:10","India: mohali, dr b r ambedkar state institute of medical science","India","South Asia","Lower middle income"
2538,"2026-05-30 14:58:23","Saudi Arabia: Jazan / Abu Arish, armed forces hospital jazan","Saudi Arabia","Middle East & North Africa","High income"
2539,"2026-05-30 15:16:56","Nigeria: Abakaliki, Alex Ekwueme Federal University Teaching Hospital Abakiliki 2 (AEFUTHA 2)","Nigeria","Sub-Saharan Africa","Lower middle income"
2540,"2026-05-30 15:49:25","Italy: Montebelluna-Treviso, San Valentino Hospital","Italy","Europe & Central Asia","High income"
2541,"2026-05-30 16:25:52","Spain: Barcelona, Hospital Universitari Sagrat Cor","Spain","Europe & Central Asia","High income"
2542,"2026-05-30 17:41:33","Spain: Vitoria-Gasteiz, Hospital Universitario Araba","Spain","Europe & Central Asia","High income"
2543,"2026-05-30 17:55:42","Italy: Trieste, Cattinara University Hospital","Italy","Europe & Central Asia","High income"
2544,"2026-05-30 18:50:09","India: Chittoor, apollo institute of medical sciences and research , chittoor.","India","South Asia","Lower middle income"
2545,"2026-05-30 19:12:31","Sri Lanka: Anuradhapura, Teaching Hospital Anuradhapura","Sri Lanka","South Asia","Lower middle income"
2546,"2026-05-30 21:12:43","Yemen, Rep.: Amran, President Martyr Al-Sammad Hospital Authority","Yemen, Rep.","Middle East & North Africa","Low income"
2547,"2026-05-30 21:47:01","Ghana: Tamale, Tamale Teaching Hospital","Ghana","Sub-Saharan Africa","Lower middle income"
2548,"2026-05-30 22:30:30","Portugal: Porto, Centro Hospitalar do Porto","Portugal","Europe & Central Asia","High income"
2549,"2026-05-31 00:46:40","Panama: Panama, Hospital Regional Rafael Hernandez CSS","Panama","Latin America & Caribbean","High income"
2550,"2026-05-31 01:40:34","Peru: Arequipa, Instituto Regional de Enfermedades Neoplásicas del Sur","Peru","Latin America & Caribbean","Upper middle income"
2551,"2026-05-31 02:51:22","Nigeria: Redemption City, Mowe, Ogun State, Redeemers Health Village","Nigeria","Sub-Saharan Africa","Lower middle income"
2552,"2026-05-31 03:30:13","Pakistan: Karachi, National Institute of Cardiovascular Diseases","Pakistan","South Asia","Lower middle income"
2553,"2026-05-31 03:33:55","Pakistan: Karachi, National Institute of Cardiovascular Diseases","Pakistan","South Asia","Lower middle income"
2554,"2026-05-31 07:40:13","Azerbaijan: Baku, Yeni Clinca","Azerbaijan","Europe & Central Asia","Upper middle income"
2555,"2026-05-31 07:45:20","Portugal: Guarda, Unidade Local de Saúde Da Guarda","Portugal","Europe & Central Asia","High income"
2556,"2026-05-31 08:03:15","Qatar: Doha, Hamad General Hospital","Qatar","Middle East & North Africa","High income"
2557,"2026-05-31 09:08:56","Uzbekistan: Tashkent, Republican specialized scientific practical medical center of pediatrics","Uzbekistan","Europe & Central Asia","Lower middle income"
2558,"2026-05-31 09:22:11","Kuwait: Jahra, Aljahra hospital","Kuwait","Middle East & North Africa","High income"
2559,"2026-05-31 09:54:24","Belarus: Gomel, Gomel Clinical Hospital of Emergency Medical Care","Belarus","Europe & Central Asia","Upper middle income"
2560,"2026-05-31 09:56:24","Belarus: Gomel, Gomel Clinical Hospital of Emergency Medical Care","Belarus","Europe & Central Asia","Upper middle income"
2561,"2026-05-31 11:09:22","Belarus: Gomel, Gomel State Medical University","Belarus","Europe & Central Asia","Upper middle income"
2562,"2026-05-31 12:44:06","United Kingdom: Warwick, South Warwickshire NHS Foundation Trust","United Kingdom","Europe & Central Asia","High income"
2563,"2026-05-31 14:30:59","Turkey: Istanbul, Istanbul Medeniyet University, School of Medicine","Turkey","Europe & Central Asia","Upper middle income"
2564,"2026-05-31 14:36:59","Nigeria: Ido Ekiti, Federal Teaching Hospital, Ido Ekiti","Nigeria","Sub-Saharan Africa","Lower middle income"
2565,"2026-05-31 14:39:50","Latvia: Riga, Children Clinical University Hospital","Latvia","Europe & Central Asia","High income"
2566,"2026-05-31 15:53:59","Sweden: Uppsala, Uppsala University Hospital","Sweden","Europe & Central Asia","High income"
2567,"2026-05-31 15:55:40","Nigeria: Ibadan, University College Hospital","Nigeria","Sub-Saharan Africa","Lower middle income"
2568,"2026-05-31 16:46:51","Italy: Bari, Azienda Ospedaliero Universitaria Consorziale Policlinico Di Bari","Italy","Europe & Central Asia","High income"
2569,"2026-05-31 17:06:57","Yemen, Rep.: Sana'a, Al-Thawra Modern General Hospital","Yemen, Rep.","Middle East & North Africa","Low income"
2570,"2026-05-31 17:07:49","United Kingdom: Cramlington, Northumbria specialist emergency care hospital","United Kingdom","Europe & Central Asia","High income"
2571,"2026-05-31 17:34:37","Portugal: Vila Real, Centro Hospitalar de Trás-os-Montes e Alto Douro, E.P.E.","Portugal","Europe & Central Asia","High income"
2572,"2026-05-31 17:37:28","Yemen, Rep.: Ibb, Al-Thawra Teaching General Hospital","Yemen, Rep.","Middle East & North Africa","Low income"
2573,"2026-05-31 18:35:20","Yemen, Rep.: Dhamar Governorate, Al-Wahdah Teaching Hospital","Yemen, Rep.","Middle East & North Africa","Low income"
2574,"2026-05-31 19:04:41","Namibia: Oniipa, Onandjokwe Intermediate Hospital","Namibia","Sub-Saharan Africa","Upper middle income"
2575,"2026-05-31 19:06:21","Namibia: Rundu, Intermediate Rundu Hospital","Namibia","Sub-Saharan Africa","Upper middle income"
2576,"2026-05-31 19:13:56","Namibia: Oniipa, Onandjokwe Intermediate Hospital","Namibia","Sub-Saharan Africa","Upper middle income"
2577,"2026-05-31 19:16:37","Pakistan: Lahore, The Children's Hospital & The Institute of Child Health Lahore","Pakistan","South Asia","Lower middle income"
2578,"2026-05-31 19:25:38","Turkey: Ankara, SBÜ Ankara Onkoloji Eğitim ve Araştırma Hastanesi","Turkey","Europe & Central Asia","Upper middle income"
2579,"2026-05-31 19:53:53","Yemen, Rep.: Dhamar, The Modern Consultative hospital","Yemen, Rep.","Middle East & North Africa","Low income"
2580,"2026-05-31 20:19:14","India: Karamsad, Shree Krishna Hospital","India","South Asia","Lower middle income"
2581,"2026-05-31 21:17:02","Libya: Tripoli, Abu Saleem Trauma Hospital","Libya","Middle East & North Africa","Upper middle income"
2582,"2026-05-31 21:44:53","Portugal: Coimbra, Centro Hospitalar e Universitario de Coimbra","Portugal","Europe & Central Asia","High income"
2583,"2026-05-31 21:56:17","United Kingdom: Cambridge, Addenbrooke's Hospital","United Kingdom","Europe & Central Asia","High income"
2584,"2026-06-01 00:28:09","United Kingdom: London, Royal Bromtpon Hospital","United Kingdom","Europe & Central Asia","High income"
2585,"2026-06-01 01:40:33","Nigeria: Ado-Ekiti, Ekiti State University Teaching Hospital","Nigeria","Sub-Saharan Africa","Lower middle income"
2586,"2026-06-01 04:11:32","Australia: Coffs Harbour Nsw, Coffs Harbour Health Campus","Australia","East Asia & Pacific","High income"
2587,"2026-06-01 06:43:41","Italy: Garbagnate Milanese, ASST Rhodense - Ospedale di Garbagnate Milanese","Italy","Europe & Central Asia","High income"
2588,"2026-06-01 07:30:31","United Kingdom: Birmingham, Heartlands Hospital","United Kingdom","Europe & Central Asia","High income"
2589,"2026-06-01 07:34:15","United Kingdom: Blackburn, East Lancashire Hospitals NHS Trust","United Kingdom","Europe & Central Asia","High income"
2590,"2026-06-01 07:37:32","Kuwait: Kuwait City, Al Amiri Hospital","Kuwait","Middle East & North Africa","High income"
2591,"2026-06-01 08:01:30","Turkey: Kocaeli, Kocaeli City Hospital","Turkey","Europe & Central Asia","Upper middle income"
2592,"2026-06-01 08:21:37","Spain: Barcelona, Hospital Universitari Dexeus","Spain","Europe & Central Asia","High income"
2593,"2026-06-01 08:36:57","Turkey: Istanbul, Kanuni Sultan Suleyman Training and Research Hospital","Turkey","Europe & Central Asia","Upper middle income"
2594,"2026-06-01 09:13:54","Italy: Esine, ASST Valcamonica Ospedale di Esine","Italy","Europe & Central Asia","High income"
2595,"2026-06-01 09:15:12","United Kingdom: Manchester, The Christie Hospital","United Kingdom","Europe & Central Asia","High income"
2596,"2026-06-01 09:28:22","Portugal: Famalicão, Unidade Local de Saúde do Médio Ave","Portugal","Europe & Central Asia","High income"
2597,"2026-05-12 17:40:53","United Arab Emirates: dubai, king s college hospital london dubai","United Arab Emirates","Middle East & North Africa","High income"
2598,"2026-05-15 04:02:21","Congo, Dem. Rep.: rutshuru, rutshuru general hospital","Congo, Dem. Rep.","Sub-Saharan Africa","Low income"
2599,"2026-06-01 11:04:38","Pakistan: Lahore Pakistan, Mayo hospital","",,
2600,"2026-06-01 06:50:15","United Kingdom: testbirmingham, test itm hospital","United Kingdom","Europe & Central Asia","High income"
